poi_id,raw_visit_counts
ad5fbefe-9e6a-47da-8011-8dadd9ad4cfe,4.9239999999999995
0cd903d2-00a1-44ac-b262-fbc7475eb2bd,3.321882284382285
780472e8-9738-4832-a3d5-9736ed0a8f93,258.8
e9316e9d-8db6-4134-8a50-1c1da16fb9bc,40.413690476190474
5545ebf0-4f14-4f52-a499-8a5bdaa1df10,21.458739538239538
f04e93cb-a385-4976-8b8b-45fa98d4baf0,1.5
7a8dbb95-a072-4a88-a9e3-3af050f3692e,53.97
3f0a62da-6274-4e9f-9147-1a9a9d28f7a5,76.36829220779218
b93a1f33-2caf-4b2c-a87c-abfd055b039c,43.063269841269836
0826cf40-668c-4700-b56d-e7f20874a659,28.676404761904763
636ee677-8ba0-4d07-8565-e8268b88d480,3.4227619047619045
b7569e5b-5583-4f0a-9235-7e347077d742,1.4090476190476193
3f1a68e0-1f15-4185-88ed-a995975665a2,107.62666666666667
10d10f22-f01e-4aa3-9ab7-bffb27722c31,14.663068181818181
b41eae72-880f-40e2-9c4d-cfa352fb4be6,24.18
a12bdd28-9961-419b-abe8-5216c5747ba2,18.576822381265107
9f6eb590-1eb9-4b42-9c9c-05f5d38991fa,91.59864285714286
77f604c6-16fb-4277-bfb2-40d2be5ff717,44.97833333333334
098e360b-861a-4dd1-a2a4-29aba7d89aeb,106.79807142857143
ab1a07ad-1beb-4eab-a337-57a5f8a14bfc,123.79447222222223
5975c3a5-0487-4283-9acc-090fb5050730,14.104738095238098
8419b26e-c01c-44fb-addd-8ee42ded9518,113.61821348096348
c09a0987-4530-4f24-9d9f-1b35b732f873,72.27136904761903
823f2ce5-2fc0-42cf-823d-c93d334ddab9,33.430476190476185
d688ca9d-91bb-4874-8708-d0b9af79d7f5,124.09626681651682
132f79da-9e81-4a7d-8842-bec6b8a25a18,9.11
f37fc271-0e61-44f8-b6eb-ce717e377477,207.44733333333335
f997079a-c478-4dcc-bf04-6fdf061348c5,73.39662987012987
cb020d1c-b8a4-4964-a781-c5bec6b62d3b,100.65376298701298
a7c1c165-0600-4f4b-adc0-bff55bccc849,101.87920634920636
48b213de-6979-4191-bf4e-a0b8dcca9aa7,2.8672905640111526
b2371ff3-b240-425c-b11c-18710c5bb425,11.906416666666667
afc3e529-3f60-4f5a-a9ae-ddbbfb72918a,13.681785714285713
f25c12bd-ff0c-4aca-9118-f12021920aa4,2.822
052d7b77-025b-4f62-9d9d-4521076a3c88,3.712222222222223
be11f4c2-c8a4-4609-a731-7e5f96a14aee,24.065
90fa0319-8afc-4fe3-a276-773d3bd231f7,7.216607157462422
12378ef1-1a98-4e72-a3a0-5c15abe30920,61.13966666666667
4ebd981e-5998-439f-9a07-08c3401147e7,15.003282106782105
0e810dc5-d49c-4eff-8a5b-b0b542b3d796,57.31
5c29c187-736f-4743-bb00-fc09d0b98aea,115.87193481518482
d40ca386-4957-4acd-8454-357d6ca4ef0f,35.73542857142857
812e4e62-b155-4800-b409-8a4a7daaa5dd,10.168166666666668
27b376b8-6bf3-4827-a3a6-ae4b9e18baf3,120.29083333333332
dcb8c106-67cf-4c0b-a7ce-ca80a1a00296,50.86284665334666
a883b43b-98f1-41f9-848a-784676f45e5e,76.55165476190477
cef571ad-c029-48fb-822e-9b3396f637f5,117.36333333333332
00529b9c-54fe-4690-b319-48cf4c9eb226,28.743333333333336
0f2af428-6bf7-44c3-a177-9ff49dc877ea,12.008666666666668
50d72cf6-e1c3-44d8-91d4-027cfbe6bf94,87.65
9327956b-1b95-4e25-875c-77169b4da7a0,6.2379999999999995
8ec33760-8e3a-4a0c-b781-a2a406e5bde9,26.08666666666667
2c85425a-1d93-4047-bf29-f873f254a270,52.17
9cc3c625-4b58-4abb-bd69-c199b60ada1c,31.844904761904765
974aa19e-bdf5-41ab-882a-ed8e08d71bbc,12.899352851826539
ec365a18-a3ac-4009-a3f6-fb697677caf6,18.632109199623905
66b55ad1-345f-4c5c-ba66-efd6c9ecace3,9.904333333333334
669a69e5-58e2-4640-b2d6-87ab25023312,1.5764166666666666
da96269e-7bee-4121-a3cf-b9acb255c078,925.3833333333334
c2d7d2b5-13cc-4c43-9fb9-03f81327214b,27.291999999999998
4b86da6d-13fc-4876-8e21-bbb1bee6c2c2,53.849160173160165
bd011eac-8b2c-43ac-8fad-e3e92d57f3e1,70.95
8d02b28d-8edb-4593-b58e-3e3ca4819e3d,23.289833333333334
ecf1480f-5cf5-4499-a139-46625b23d407,30.257571428571424
60a1c601-cf94-4a1c-b4dc-4759ea59a628,22.247452380952378
d0258032-abc8-4247-8615-254f37f16040,118.03212271062272
31abc555-3417-49d7-93c3-97f716147c45,2.994166666666666
6b6afc27-921b-4f70-8bf5-f4df5d101928,18.386000000000003
156f82b5-cba9-4a2a-b8ac-4b5cb206d27d,68.71
7e1debba-8343-4e4b-846f-efff3fcbe516,6.513333333333333
2e2ddd87-86e9-4948-b71a-c18040fea224,4.772154761904761
c6991e1e-577c-47d6-a449-d5b245affbcd,37.31516666666667
cffa991e-1d28-40d3-bb28-f0755ed52011,6.315551767676767
6ad6d09d-191c-4131-8211-0d580e35ba51,77.16833333333334
c5068fc3-9c66-4a1f-a9dd-5df73231bfda,62.350843600843604
f71f6a4b-37fc-4c9e-8ee3-4450d5dc8e5c,32.04101406926407
9a2c334c-cc16-4bbc-8429-02fbb3ebea90,54.86966666666666
5c0ddfd9-9845-4a9b-87a4-f32a6c58d80d,7.785
789664dc-3f36-444b-adc3-b49e881e9e39,49.38
7a3716af-1ef5-438c-9d95-a1472d156c99,39.358333333333334
072d33a1-17cf-4ad7-ac91-3efb70810c3a,1938.1694523809522
28afb99e-0f18-4767-8acb-87ed750f4702,19.4375
79606f37-806b-4da5-9c71-9ebb464581a1,6.9366666666666665
6bcf9016-02b3-485d-ba10-09d2446256fa,20.580642857142863
a7caf27b-b038-4e00-9575-859deb316d30,8.965904761904762
57ca8c59-1171-44c3-973f-a457e0e11248,14.316500000000001
3844527e-9b6d-4ed3-a178-c5f14b3b447d,33.54658333333334
fb369f4f-8798-4e4f-ad27-ccd76fa9d034,2.8522803030303034
fc132309-9efa-4fa5-a548-7f5d2ef5b0ca,11.104507159507161
1aa48c39-4153-4bb8-85b3-7d1d58016d12,36.22
cf876939-d932-4cd2-803f-24ada80d4ce6,60.13
577d67c1-984c-421c-bd90-73ebc01cb453,318.3026666666667
5752d4bd-772f-462e-ba60-a2892f914b3b,9.207191919191919
597f1743-c050-4807-a714-8faa4fc73369,196.5672081268405
3abc4fa9-c9c5-4996-a591-d4198eac4fa0,108.4814653679654
25d9413d-87b0-493f-a85a-9aeb0eac8421,64.61433333333333
bc2f287a-8bfe-4fda-8b92-156dfbdd340f,32.83
3197f8a3-607b-41bf-9d6e-fc772b978186,50.81403968253968
a103d2a5-0547-4efb-9c0a-f0aabbc1d918,57.477
5919c7d1-c861-4d92-860e-3ef51f52f054,653.84
f74b1f78-1c32-46f6-9e4e-7a11fd8595b8,43.17357142857142
5bc1aa4b-f509-47f8-9dd8-c4e68afbe985,1.03
d7c772c9-d220-4700-b6f3-8d77a6a32ddc,7.994381313131312
583f5aa5-727c-487a-afad-aff8f10375fd,1.758744588744589
0a56596b-9fd8-40f1-bf87-9932ecab5e65,14.48
b79b2007-254f-4914-a82f-683d688efab7,42.52283333333333
8a4f9586-f023-4de8-8f90-7eb858e4c87d,8.885481829573935
22cbfffe-5bbd-406a-a247-3c42a8c37c9c,34.154333333333334
2c4fed2d-a247-40df-a1a0-aa7e44e0e966,23.490682539682542
3663dc43-4d63-47ba-b84d-bc3ce0a87ee5,121.94507539682542
bf275500-aff9-480a-a584-3e3a3f4ca4f1,111.08821556659714
f9679e41-a44c-4d23-b61e-f9414bcc80b3,20.256939393939394
7d6a809c-1056-4297-99b3-72b3249d6358,11.582916666666668
164cd5f1-1cb9-4a0b-ba71-dd1b174be85d,6.3870000000000005
3c251555-68dd-4391-92d8-52dd7ed4f9f1,3.994809523809524
1f6dfba2-5b78-48b5-9d3e-e9c91d99d4a0,24.412606060606063
c8e7aebb-1590-45c4-9c53-712959bc1732,155.35619200244201
5ea3b556-36d3-4cda-8a65-79b5aaa7bfd3,45.54581746031746
86ee3e05-2582-48b3-90dc-9df4b8372145,46.401388888888896
82b8752a-e0a2-4cac-ac86-ccb4ff7bbcb0,960.3605000000002
eb95db3a-29c9-4700-b388-c345914c4909,12.530380952380952
6f608bee-4dcf-4690-a2c4-9271dedc1d3e,47.472
9c342aa6-dcf1-4cdb-ba77-3da16e4b3f27,115.32
1daebed8-034d-40ba-b269-535842ca0954,51.3555238095238
00acd117-8100-42c8-a52a-cc2172d071b2,32.68533333333334
b487fb4a-5e24-474b-8248-cea59acc378f,68.76
28209fd5-24e7-4839-8b1a-db6e783200ec,24.07
9565218d-f142-42e8-9215-f56efe05725d,61.21200000000001
470493ba-11aa-4306-a724-a029cf607139,10.3325
bf79d0f1-c113-452b-995a-76929ffd17d0,129.83
7a248f88-443e-4f0e-9a2f-cc940af6a1c2,14.881036989154635
5fcca912-129d-4284-b672-ec08f7a8d46e,81.36066666666666
6ab9c209-f91f-4515-8b48-92a66f7318e9,11.140952380952381
c665bf98-94fa-4059-bf10-52cbc30d2524,27.398961760461752
b77099f8-c56a-4418-8249-55ab735a4824,211.98
da8ca697-b1ad-435c-b48c-76a56570c3c4,28.39259523809524
f04cd9d4-420a-442b-af92-96b12c089237,97.36566666666666
b170079f-8e3d-4ab4-82cf-8444d2285a0a,93.02705405705403
9c3c0871-96c6-48bd-9a8a-2ea301b8d891,42.77971825396824
334d97bb-44c9-49a4-82cf-97b159908bde,245.63083333333336
ee2dede2-406e-468d-b4f8-233e0e91b37e,68.53776190476191
293867e0-b544-417f-a99c-a580d749ae9b,59.1290119047619
9be3c4dd-7bf4-4e24-aeca-efd3e66f1360,186.83014285714285
20c24fdf-8245-49b4-bc1c-a23c95df3422,11.679761904761905
6af0f5a3-22fa-4eb9-94d7-dca84ef23680,5.879666666666666
d98b37cd-ed64-456c-b580-c2c299c9f6d6,6.122497086247088
7137f730-7aaa-4d32-9e05-fa02ba002055,20.607423076923077
a6dc4b99-13c6-4aa4-a16f-49e7d6f8f83b,9.277666666666667
f9ad9ce0-c92e-4b61-b616-0bc078544f04,21.589499999999997
df620940-d40a-43bc-8757-062fc7b47ba6,2.369047619047619
4665f554-0bb6-490e-b0ad-1e04e451ebd3,773.2481904761905
7acef3cd-0c73-498b-a20f-772693315eca,29.646666666666665
5d132d72-de89-4916-88a6-fdd3481d2daa,36.995
dd6fee43-0e11-4a7f-bfa3-01a572b4419d,27.8
8b3217ba-57a5-447b-8e01-56daf2fe1324,12.081666666666667
c939df19-e777-4853-b9db-01b74660697e,204.484
123d686e-b12f-486a-bf6b-c92c4518b066,10.697478354978356
6f5bafd4-770c-4ff2-8c74-c7a34de7d7c0,2.7110000000000003
df054208-f547-4b65-bba7-57227034d88a,4.024746031746031
21db765d-c544-47ef-a192-1e5d2f248be0,7.239952380952381
f635804d-cb8e-4e87-a608-3bd09232601e,3.181142857142857
f77a6aeb-68a4-4a01-baeb-6106a5f4968f,35.75
e7f84d8a-49d8-4aca-8251-179edb87a057,141.16339682539677
4d7d5281-d15b-4f19-8f31-20144d847ccb,3.1425000000000005
40715df1-9460-456d-bc16-67991bf64025,38.887142857142855
f4c4b912-b75b-4fd1-ad1e-86544c6379a5,19.544833333333333
a7a5bee2-46e1-4503-b454-d115d28843d7,126.55244444444443
88a3caca-357e-40f9-828f-a8b5c988d249,20.525125901875903
dbc8d092-b38a-434c-983a-b7406fbbfb91,221.06
44cfd66f-edc3-4383-a64d-5699c6c6077f,1.73
694c497c-6c53-483a-b5be-87cffb2904bc,223.08966666666663
ec16b8d2-9fe5-4657-a607-ea033d6ecb83,24.67775
e318b70f-0884-4e6e-9386-cd29b2a6d93f,5.628619047619049
d3eb5cce-e815-4dd9-8d05-25e3db3e16bb,33.284666666666666
a3f0351f-2804-4be4-9288-37c46319a7c6,22.69593145743146
1f6e96ab-0a0f-49d3-8728-93c742cbf8f2,32.89687495837496
59c98672-3d92-4a79-8697-0c5d5adf10d3,23.75
60bbac04-f588-432d-968b-1acb1e2e1e84,186.12088776501275
a93ca87e-59e8-489a-91c5-d6f66fba20c8,10.568908535908538
59ce05a1-ce85-4389-84b5-0afa5286a457,84.09561904761904
1bf8a568-66bb-4977-bf66-150eeca6e7f1,13.04
8568a67b-a0d7-422e-864e-2c0b36b3243e,43.599660006659995
a22166ed-e611-436f-9f09-035de2581487,59.69162914862913
9f905ac9-9090-4d44-b254-b8710c3dda2e,275.4076190476191
9813f84c-34ee-4d9d-9273-e5e76a059541,16.225222943722944
63db7738-df35-41fd-b8ed-7d95da9e53da,16.134709539249283
ed655ca5-92c1-40e3-b637-55c8451c3c01,20.231000000000005
8827b0ea-262c-42ca-8264-5219bb810b81,13.168228354978355
9d45c3cb-1cb8-4d53-ab2b-f27d2918ac84,96.41
b1d2008b-cdd9-49ad-b8f6-76bc06acfe49,161.28633333333332
886f7ed1-0ce4-4544-bdd1-1b32018a5d47,314.24
9c6828ac-23df-43ff-aad8-4f973ec19588,69.3599126984127
4cde25ab-3e68-421b-a72b-e0e19ca78776,26.40025000000001
99ad4682-bdb3-4be0-9dc8-c16daf11349b,37.167
e594ab4b-2be4-4f8a-8082-f22b57459ed7,13.821666666666665
2796bce0-3ccb-4daa-b528-00eb2bfbacd2,7.629000000000001
5843de1e-7207-4081-9781-c5f4ec8442b7,11.138618771751123
be437616-260f-45ad-90c2-5da951da453c,56.39916666666667
b6c1a48f-4ed2-4f43-8d2a-1ed6ddc838f2,10.176238095238096
f610c701-6632-423e-81ba-d826e50d77fe,125.97795454545458
7e3e47f1-4580-49ff-ba90-e000cc1c490e,29.05
5aa81d32-25e6-47b5-9f70-7830f6a03831,78.28816666666667
9ae6a2a0-2082-4aef-87ed-27c55d8b51f0,2.72
afcc38cc-9cba-4906-a9d4-f1e214a3910d,172.69333333333336
2177541b-070b-4dc2-b5f5-facb4fe3fc1a,86.45766666666667
5cf7e1da-209f-4374-acea-be63aab6d097,23.96
b8eb4153-9357-4b47-aa43-1f095d9ac0ff,33.626666666666665
ee639350-2930-4573-a8ea-a8801d635bd9,13.470666666666668
38eae64f-a1d5-497b-9faa-d63a0a86dee4,15.253
7d79b273-d373-45cd-9515-f474e5ed9072,20.67377988677989
21af50af-78a5-476d-a771-42ea1eba2104,121.46957142857144
b5061135-ce0c-4311-863c-620d099547de,30.263888888888886
7dff9ba4-62f2-4284-b06c-9b015a367f16,102.42996090102706
c73b0227-ea28-40ea-9963-8ef68d0a45b8,58.55989357864357
7628b026-eb32-43d5-a7f1-5355a1e4a232,21.30333333333333
f080f1e8-3b29-4f4c-8caa-ec501f75b405,138.47004761904762
60078f73-491c-4607-a18d-83085b83a6c2,78.36766666666666
1a8f7e2d-cca5-4046-87f5-6f079ebeec58,206.99265873015872
993dcc74-0b30-44be-abe2-8afb70e55e9b,48.67303285603284
0b58ac46-4eb9-4d39-992d-c56b05dbd885,71.235
638f23ed-ba9f-4caf-9d70-35a9f5857202,66.29016666666668
04261849-1a3e-4176-a28a-7960f50267b0,86.914
7cc5db44-97bc-4387-a467-f04c63b87c3a,1.9277115384615382
e083048d-986c-4d75-9f3a-d137a1dfb3eb,4.450736631016043
9d6bbef8-7921-4b23-9b74-cfd0d6296303,33.22718614718615
5b213b9b-3078-4e55-8f79-693b87c69077,40.66071428571429
55ef29c0-bef9-4848-97da-78d5d85a9a7a,2321.3153333333335
8783916e-742f-4811-9bf2-99d8f66c9cd7,74.37534271284271
3d2e2465-dd00-4166-b1e2-57c0a223ac1d,11.92804487179487
62a1489c-d118-42ba-825b-136154837f94,12.07
3bbebf04-ea38-42d7-ae2f-2dfb6157da40,16.39
aee5c9fe-4425-477d-83cb-1ae9f8cf923c,31.221666666666664
cb8a7a92-6a4f-4e2a-8b35-62fc1f601a8e,170.275
6050296e-b078-4b56-ba01-e80a451f10e6,426.2343333333333
fd7bb00b-d1ed-4a67-8d3c-876510a405ef,61.15
c27bbb6d-c720-48be-8bbc-4bc26df642b0,52.1645
2ca2323e-aa11-4788-92b5-2fbbb520cea4,110.0185
d5ff7518-60b3-4f65-a494-9637a88206ae,56.03305952380953
e474964c-940c-49ef-944f-9ef9ef185195,4.9992817460317465
afb10eb0-b80e-484e-96ab-5cb367c07960,31.135
44cb7eb6-862a-4277-88f7-df57cbbeabd3,47.93433333333334
079b9da6-a858-46e2-8da7-c511dfb75fdd,5.514333333333333
636dffcf-3923-4c9e-abaa-08ac83c4a445,62.99429820158343
dd61c725-6c81-43c0-9a4e-1db3f90efc15,11.99
247e7f3e-828d-4922-869e-8faab8a9dea3,91.25483333333332
a4b79e37-220c-4f9a-a6d4-0b5214bbe282,66.86
ec1f0978-dd2d-4cd0-9dfd-a8745091799d,211.57871428571426
3b81814e-39bd-4bcb-9d3d-6791089d42e9,154.8235
1ca7b58d-0e3d-4a76-bd4e-45322fadfcf8,53.755265262515266
13618fb0-a831-40bd-9d0a-8bbbf73abce5,7.529833333333334
c75a2439-fd3f-418e-8011-a4fe0e11d9f7,1.7717053093964859
31ef7c7f-a302-4c37-bf5e-ede88c636031,70.8613228160728
7eb76387-5b28-4a2b-bbb3-d592e3de7160,12.054617774382482
9850f72f-ff3a-46fa-8dd8-2f16f083c224,15.862666666666666
40263049-5798-4e3c-84ce-458002371e6c,60.746140786587006
66832dd6-bfe2-409b-87ae-239d7e738b7d,176.85333333333335
b2e6dffc-f572-4bdf-b233-c543517e5b7f,26.108500000000003
6c0e392d-b15c-419d-989e-6a9e04d0939c,2.0306904761904763
6154cb5a-f856-44be-a3b1-4fdf3f045e64,17.011666666666667
dc7ba849-b6f9-489a-b1a2-feaa3399e8bf,122.4011547619048
3bb04ee2-8ce4-44a4-b794-6e71605feab8,1728.9616666666666
1004e614-b351-4f00-a66e-7cd609a60f93,325.65476984126985
a0d031ed-1b9b-46f1-9e62-78a844e557c0,9.544444444444444
d94125f3-8d09-4d3f-bca7-23e146373ab9,49.92333333333334
497c3b65-f067-4048-9284-2c9f543b595b,7.620000000000001
a990329e-6b56-43bc-8ae5-39969a45c8ed,20.093333333333334
d448736f-06c4-404f-83c4-2a4b5819560a,4.19
ae5aab8c-9d81-41e5-a601-8fe954d56ff2,12.261500000000002
2f92afde-5375-479b-9822-497e9319b14a,28.59583333333333
e3c9ec49-8ca5-4802-abe4-3182e45a744c,7.790166666666667
13be19de-cd68-4d50-b3f1-331f5b8c6fa8,18.11
3e454c8b-a6de-4f95-aa39-5bd5c6f251f7,41.93833333333334
dd9d72cc-5c1b-41f0-9571-8dfc3fceae3d,214.07192857142857
fe52a09d-6b37-4f62-8613-bc1c0eda7b55,22.244571928071927
e19050a3-9f79-4c9b-82b2-779a7061643d,44.62033333333333
26baac89-b930-441b-8f19-3ba0c5e55ab9,112.55472186147186
09c1f091-1083-48e2-834c-dcc48ce0622d,10.490833333333335
8b65a6bc-b82a-4fd1-ad2b-7ccfb486b3db,33.91916666666667
5f222a05-dc06-4b5b-9a13-1203d72f4452,128.73844444444444
248778a3-2fe0-4368-8740-f83fb2b626f4,22.90533333333334
b3c5261e-900b-4cf2-af19-cad80f1f39cb,113.05485714285714
68f858b0-37d1-4191-a906-ef5d0f5c6056,135.87616666666668
b35ee999-5734-416c-89b2-a6d4251a7193,18.691668790059268
86ef9748-ffa1-4bb5-a677-5dfe485b9b7a,74.36
1806c1a2-e3cb-4e20-947c-d2ab9cff30ab,1.8499841269841268
70c67a48-7f72-4644-ab8b-0f2b79bdd663,3.6504065656565667
1a6ede56-4b11-4428-9f8f-5626248f635b,40.79
7d283db6-f5e2-418c-87cf-f1cedb15aa30,8.81146031746032
a7d0a017-998e-40c0-aa56-e5c6b8a3ba13,28.354689033189032
74937222-dda3-4b35-bbcb-1638207cda1e,46.520944444444446
5212c865-be6f-4964-ab2f-0b2a39746eaa,78.6
4376ccff-d805-4f94-8df4-7c0440b0b248,170.36533333333333
2dc285f3-80b6-4704-a31a-6b0d19c9e706,18.116976190476194
27dd04a2-2262-4544-b7b9-21d9782cf961,13.844333333333331
48efe2e4-70c6-41de-9311-49be1e4db373,25.59416666666667
d52bbff2-8844-4cb4-af10-c4cdd1a55a11,86.86589285714284
dbd4f82b-9dcd-4c3e-9860-2adac6a57a45,121.22874096736595
b209226a-38ae-47a8-bf5b-96175cb1cbe4,129.595
7772be32-9ac6-4859-bd58-a0e00051729d,53.98633333333332
875111fc-953f-4a91-a830-3d97283ad5fb,166.89
178666fd-0085-41b8-b689-b678f4d5a4d5,16.97440229215229
449ecc67-5f90-4388-a962-9810f45783f1,11.48
644ea68a-6dea-411d-a625-28cceb8ad2a0,11.140690476190475
a48af36c-8612-42c9-a70e-ff8d42f6c756,5.221183927183928
3ad339d4-b5da-4b4f-be5d-d811cebcc577,5.372964285714286
3c116428-1834-4b6b-9005-8ad9789ea88b,47.08622619047619
71ff028b-4054-477e-9a60-8af32e603d09,21.154166666666665
005ec245-ca7b-4814-b706-8f0737c045b2,4.695
bc61f5f0-84cf-4378-a065-41ff8e0b69cb,24.917914141414133
a4cecb29-312e-445c-875c-e7cdaf1de47a,79.76416666666665
57f4092c-8562-4269-a4ad-057a489a87fd,146.345
bb971eac-1750-4cbc-9078-20835f949810,70.9815357142857
c003ae43-1e0b-4ce2-bdc7-0734dc269393,38.4
526aa1ab-d61a-4f78-b2de-06fc14d7b29b,338.70809848484845
5cf9d781-e0e6-4438-8cba-bef94b591b5d,9.07
8c86ff9b-aba9-4675-8da6-a32382e85fe6,96.59941666666666
3a943faf-c08f-4709-af63-31f6af5cd2dd,24.336126984126984
07a2830d-c247-484d-b2ae-85d44f1a4f9d,126.15361904761905
cde68f58-580c-4e55-aecd-1ebafcb96f51,137.13583333333335
926aaf1f-ae62-47b0-924e-3cf9dde346f7,320.18666666666667
e0e4edc0-5c17-4538-a3a7-8a0cc5775081,11.322333333333331
424c96fd-632a-46c0-b742-5248a47b3edd,2.781966880341881
0199ae00-28f7-49e4-92a9-6c69a8d59c33,6.332527056277055
a0d73d31-39d0-4753-8d12-edf8b44d31b2,7.26
6e183e5a-7a5c-4564-b79d-29ff814ffc29,12.477666666666666
55f592d6-286e-4358-9340-adff0e23d84d,45.34975974025974
c2f0f758-9f80-4ebd-8eed-13acb1c77de4,8.604166666666668
98ec5d8a-7280-45eb-87a0-ba73c0647a4b,48.95
a8a7df60-9b9e-40a4-a627-0edc70d59782,10.66819227994228
8e53d580-4598-46d5-89e5-58b2aaadfa55,53.41333333333335
b17b9d56-f55d-4ff4-897b-84f2e7016594,14.066833333333332
2ee5a6cc-e0aa-49fe-92bc-ab795be063ed,28.827131976210925
e786589a-2afd-4704-b40c-6e7a13f69ebb,24.68635576188517
879f295d-9a68-4a85-8484-27653763241d,10.57
c8a49a28-e25f-4731-9651-8d69bd955a51,282.5977529415029
63492275-92b0-4510-a86b-6e0fc13635af,12.436666666666667
276f80c3-ef48-42bb-8ef0-047d7a8ddad3,76.26488888888888
87e48edf-cdb6-476d-9e08-8a8b5e2a0c58,32.65138655462185
4e2d6961-1275-4e5c-8b80-9302264b3aae,116.39333333333335
5f463c5c-c6d2-4ddb-8bb7-7d950af59ebb,22.785999999999998
40d5d4c2-86cd-4c09-829d-d9748e452867,4.115
796f3155-1af9-43b6-b448-c541bf93d592,5.228
80f94649-e47e-4a98-95f9-0e03e378d0d8,303.2966666666667
48337bca-d4fd-46bf-b70a-9ada732d116a,93.99
aa87c5ae-8eac-45b1-9618-4e57196f1a47,101.9093333333333
cf3c8f0a-d69e-4ca8-958f-bbea0f081336,11.165
feb97e54-f336-4440-9ea0-0b29ef024142,84.515
e9a61c41-c6c5-4a4c-97f9-1e69320169c8,17.87802380952381
5c57fafa-df3a-439b-b954-554439c0eec4,2.3303333333333334
ea25fbbc-5b4d-4184-b8e5-4e6ca93d638a,101.31654928404927
15ef379f-35e5-4625-a314-7f599c47e5cd,18.080668498168496
fdee3833-528e-49f7-b053-3aa74f80ae22,86.23781349206348
1304222d-e89d-4909-9554-2dd68f8cda79,151.57170238095236
5c342cd9-5f63-4593-9dab-84a747661ddb,3.5483333333333333
9fce126b-2080-41a6-898c-a1b45bad1d2e,17.144166666666667
3bf214cb-4aeb-4b03-b9de-4ce7567a28b3,52.05287454212455
41f010a3-d0e1-4857-8d18-1593049263b5,113.1365
9a5b8715-6dad-40c7-82f7-5cd36f5f138f,256.62854761904765
1a986ab7-4739-423e-80f9-26c6155fbb6e,39.278185064935066
49636347-5a9d-4bf3-9d9a-c21a4ba7d8f1,16.513214285714287
cf30f25a-7260-4a3a-bea0-ca1f0054c191,14.655
6c36debb-9ac8-4714-b57c-b50b37dabd4c,9.827820512820512
4ff71793-e0d6-47d2-9497-e78cfb5e0598,74.80466666666666
856693b9-5f60-481e-b917-cae93589aa00,40.015954184704185
37ab0ce7-9e34-41fe-8a6d-ea7f782c7936,10.075
bcc41f12-5206-49c0-bfbb-e9e9a81b8eb5,56.93499999999999
f1b7e58c-7261-48ef-8dc6-31626c7edae8,56.6215277777778
67f07c0e-b266-44fa-91ca-97055f268be8,22.756666666666664
2db66e3c-6060-44d0-980d-64412c894b17,27.05633333333333
5ad01e4f-3b28-40f1-a7e5-cb378d27f85c,4.490666666666667
58219146-d371-403d-990b-b2d326aa387c,358.77333333333337
93e1ce2a-a994-400e-accb-a1f085bb9003,20.51
75d24142-a516-4e80-8dd0-e8aa3bbad7ab,1.872714285714285
9e1fd122-2bd2-4223-90cc-d281c31f0764,31.245103174603177
f66e1582-1ca6-4c62-943d-716b4f49e8ce,4.9448333333333325
c0c53681-dcee-4f2f-b2d8-e66329267372,276.7450833333333
a763e416-fcf3-43d7-8243-e59f0a77c426,118.96590476190478
3371eb98-f070-4585-babc-5abfd9e53659,23.871484848484844
62fa4cfd-97ce-4b71-85a0-16cedec2b8d3,11.652559523809522
57147956-ec4a-440b-a48d-60d740d55a9d,39.80699431124432
f0b74b29-a402-44c5-a45b-336f6145f1e6,86.345
bca3b437-4fbc-41d5-9546-6bdd85d5ea28,23.845666666666666
3fef2372-aef6-4256-b9f9-dcd840859d83,14.401833333333334
c8dc9fe8-e42d-4a0e-97de-e491007ca3c5,1015.1
5ef42efe-9471-4561-9478-a83a41fe0486,29.89
18ee6242-1a48-4a17-b58e-bbc651fa0468,97.25677777777781
f6cedf4e-8678-4e3e-93d5-c98b418b1c92,8.99200901875902
ea0bed87-7f49-451a-85e7-33ea0d7c9577,35.12468849206349
d79ec404-d8de-4720-b548-686806b8e794,5.41
81155d22-f535-49c9-9a5f-b82bf8fd8325,24.091666666666665
9c933e02-469a-4479-922b-9902b26a2fba,7.349666666666667
65cafa26-f157-425a-b73b-9671d769891d,46.49083333333334
d2c7f58d-f654-42f0-9a40-17145488ae46,44.25029917304917
ec8cd731-b6c4-4607-937b-a9bd5a0fd4de,88.27019624819624
df32007c-fc28-4e9e-b11f-c4f0dea51936,75.27608333333335
acfaa1c0-0175-4251-8d8e-ee35832cbd7a,103.87625757575758
8394b444-cb31-4fcd-9f29-702ec4abe358,214.12599999999998
b378501b-625d-442e-9373-18b1bb52fef1,74.5375
bb7214c9-d1bd-4e66-930c-49e0202964b8,93.97548892773892
ab6c42ab-a35f-4e27-8c55-a935f359f33b,47.208035714285714
a42f232a-e9aa-4e34-8259-e2ca882b0edc,4.020896825396825
66a1071b-436c-461e-baff-c27551d116e3,5.321476190476191
746e9441-6ccf-4b49-8113-b7c90372f999,515.9378333333334
af4f913a-6850-4f6f-9e03-847f2073b8b4,2.4483333333333333
28b09e2e-fce7-43ff-a5c1-0d9aee159509,18.836770063270063
34c0456b-3eb1-4043-8b9f-46c781415a37,84.87900000000002
07e2a8b7-7111-4d59-a6b8-958bb290096d,4.859166666666666
b550335d-6a1a-4e95-8579-8796694edbc5,4.234928571428572
656ffe6a-e502-4bed-a84a-aa3a18c727ce,122.5734449561876
4f06d88c-7deb-437a-b49f-917919f933cd,87.50435714285715
a5190784-c620-429a-8f2c-95af3acd69f3,70.394876984127
8ca40607-74fc-47c8-b883-0a9167602969,61.540166666666664
2af61646-4e80-423e-b6bc-28f3fed94793,38.5395
a068254d-a17a-4ea8-8713-9771a03c67f3,17.728357142857142
630d22c5-adf9-4815-9c60-709db3a452f9,97.52666666666669
887effcd-e0f3-4fe4-8cf8-2b844a944d98,7.223674603174604
99dcafb7-4379-40c2-882f-adc6649845f5,108.21955122655123
121914dc-8239-4222-8dc2-1d1ae691aaf2,66.65
0943a636-2359-4457-8ed2-64654d1e5d4b,37.95333333333333
fef4f7b8-aba7-4740-ad71-6af091dd071c,149.8086222943723
770a2c32-b5ac-475a-88d6-9850f0bd3a5c,402.34816666666666
2a80b8bf-d5de-44b9-b82a-4fe9b5ef363b,119.25764069264069
77749274-3d4e-4c1f-aaad-a40a7196edd2,37.33
a9993085-3c78-4457-964c-74e568495c2f,10.800992063492062
6eeed391-91e9-4edb-b454-ddaab3ee4faa,5.308126984126985
b55a7c64-973c-4946-8c7d-b40a4ff495ba,5.5385
e4e8884a-0df3-4539-8e23-6dc610e1c2da,100.68
8b5bdaa2-2cdf-4ea1-846b-15619cc59dfc,73.1895
8c00812c-9ad9-473b-8d07-67d5afae4ddc,30.89
16f4e696-2065-4854-8ba6-a8cab2b67bf7,31.208333333333336
c4f6ee6d-c1fd-49c9-9c3c-f359f19e6bfe,43.27908333333334
e370e93c-3b5f-43ff-ac50-2965dcad9106,27.21378571428572
ede67d05-a56b-4aeb-a98d-56e37301b020,20.545
1f1329e7-469b-44cb-8e62-eccfa52d7ee0,74.14125000000001
d256f52e-8fd1-43e8-baf9-61de7a6c45e9,62.00614285714285
cf5bb942-3aef-404b-bcaf-27aff7528ccc,35.495202380952385
79d6e71a-f0ef-4d24-8a86-7301a092a273,8.70275
2c20348b-f967-4077-b1d9-6a6bf441e9e4,178.21209523809523
aa3f6e57-8705-4826-acc7-2e8a6c5fa408,138.59300000000002
47cebc50-2d94-4162-b91c-543742a0d791,28.049831529581528
8abb9066-5ec6-4be9-b8bd-804d6cf8cbb5,15.887999999999998
0aca5c9d-6a28-49e8-989c-406092af9937,9.606785353535354
c7d89890-ce98-44ec-be7b-4554e8b5b2ac,114.2475
0235164f-3b54-4fa2-ac18-6c4f979c22f0,74.59
8811addf-eb3f-43fc-ad6e-5c807350a100,36.7889880952381
fc195f29-f657-4474-a795-ad021bcf6e77,1.6167500000000001
63663517-8b63-4343-b11d-0e9384fcc8dd,37.77
5aaad58b-ebbb-489d-ba48-2ce9bdebb161,15.887815295815294
6a4d9df8-e86a-441d-bbe2-09803cf6a394,2.623547619047619
ec70478e-4c36-4419-8d3e-43132fe62124,13.086000000000002
2cd878d0-e032-4d69-96dd-6f345ba02488,57.01750000000001
12643e5f-404b-484b-b44d-e225efb702be,57.781239316239315
46d301ab-657d-4849-9fcf-771090ea93c4,164.03850000000003
ba24ba95-b2e1-488b-9299-e12fbc77fbc3,7.4675
9e17151a-0c68-463c-b0f1-07ea3cd8b6da,14.046773809523808
5bbd86f8-d95e-4257-a368-9c4759831aba,70.66709090909092
c4e79ec5-cf2b-46fe-b10a-f4bcd965ee64,51.435
1f273ba3-bfa1-49ca-91b9-ad3a4ff94461,38.605
f35a0135-8120-41ab-99e5-cc5f291b25b4,23.747
598c2ddd-1ac3-4cf7-b3eb-c9363f54704f,391.12240476190476
c9986258-e757-441c-aca5-996512d56ef2,388.75958333333335
7de762af-ec0c-44ed-9ee9-2ae7c45ddeb8,53.455
42a4b966-c0b8-478a-9beb-21f52516d8d2,285.6256626984127
f83a83eb-8210-4c1a-9637-e8e8dfd005ec,31.77
5576691b-4038-4b20-9736-4fc4c6e3a65f,14.41
3256d494-bbb6-4765-8520-59c54d98a0ef,30.19480952380952
d5d27576-2008-441d-9611-cfd2c5bb5725,94.22
58e5e0ba-660d-4320-8a5f-8f8d80254262,30.650666666666666
7ad2c2a5-8866-462b-b75a-bda2c233bb71,129.20516666666666
c254c508-ff25-40b5-9cdb-41478993de7f,132.53666666666666
78fd0468-5a87-4d79-80fd-d9bc75766c4f,22.83045492007991
6f1f983d-cce1-4002-93e8-a925d1ce9868,27.534360881292788
18b4347d-e1d7-41cb-9a31-783e74ec0e4d,9.306856676003735
2fdd4910-4582-45a2-adbc-0766838768e3,174.6725238095238
d301f774-de62-40ac-9b78-70e173cb25b6,184.56
772cdce1-5cc3-4030-ab11-228c4f642538,1140.29
219bb1dd-6276-4be8-b0b6-18356e499ad5,20.261833333333335
cfa31cd7-89bb-4079-8339-02ea62e908f4,1.75
55158ecc-683f-498d-9e4d-68f4c4901031,6.547356934731934
d27e119b-4c3d-40d4-91eb-716d66951df4,968.8428012820514
2b37ba59-e784-4a96-8d89-3a1efb4efc24,8.475059523809525
db4b221a-b849-4ffe-ac01-b26d46a15e57,4.38
6cf8f507-fea3-44c6-85cf-e5494a42dfe2,41.8527738095238
505c5c4b-92e5-4ded-bdfb-fe080d9637ec,33.41488961038961
e67fb0c2-df07-43ad-beb7-7229c31012c2,41.44
f7b9db4e-84bc-421b-b2b4-aaed8a2c9f3c,11.030333333333333
3a94da47-d4f7-4305-b0cc-a403b9053bec,25.29790476190476
a5b4773e-2b7d-404a-9700-686d99dd3ff3,11.995897186147182
ae417493-593f-472e-a0b5-58ac4d0f1355,49.21723809523809
95231618-6a48-4158-be34-8a7e5cb829f1,17.55923015873016
ea08316c-a91c-40f9-8a9f-2ea06531a75f,16.173333333333336
ad95627c-02b3-44a8-80e6-928c2a5fd7b9,42.612469696969704
eb79ad5c-1796-46ab-b71d-d7cdb90e204b,373.56666666666666
6bda47cc-cb92-403d-a8d8-0ceb6bdfaa19,4.387
73907e7f-67d2-442c-a4d1-a480f3072e87,25.945101010101013
dcdf093a-4982-425c-91d0-58d868f39346,5.165
60065d33-eaf1-4d1d-a0d9-9d3461bf71c2,6.9914899436648685
f8750409-079b-4eab-ac14-7953dbf551a7,8.996
2aa3fbd0-eb65-4680-8c79-99da44d80239,17.4215845959596
a8574d6d-3d9c-4c7e-beaa-8b02e3ef44ab,1.3933333333333335
9fd86b4e-f89a-4f5d-b1eb-7e60bbe3a064,29.59830555555555
2a3f9c7e-0f00-46e2-83c3-c72560cfc68b,51.0170119047619
4e6815da-c9e1-41b6-a2d2-d15bef86275b,73.95
259b40d3-fc5e-4d44-8772-4743baa60571,90.53647150072149
56edf2f4-e268-44e6-8a53-c4b3f27a2409,656.9467222222223
eae6fd9e-ef4e-4264-bde5-c80ed9421725,1438.3082240259744
10d5cd67-ac19-4eb0-87e2-dd18b7119600,35.871047619047616
6c21d839-f335-4e54-ac69-f53fc8bc19b7,53.84633982683981
024f433c-afb7-41fa-8c2c-af7111e2449d,8.517619047619048
3076fbbb-8fea-482e-a003-d24ad4bda797,19.6
b85ace78-a284-4f0f-ac0a-19fdd897f5d8,114.34
201ac55b-8989-4361-8298-80b60cca9d31,37.636726190476196
402ca8a7-b400-4ead-b820-82d30922448c,96.33833333333332
d830f01c-c8f2-45d7-8900-cb65ce5b930b,2.754142857142857
7d7e01fc-de45-4634-a7a4-43a8d414ea7c,14.265547619047622
5ef9cf69-1031-4c66-8716-d621d84d82b6,21.41
81cca90c-d3e5-4dce-ac44-360914c60b72,138.87083333333334
507d6e83-92f5-472c-9e69-7191248f8c78,6.88
1c28109f-39f9-46cd-8ff8-d9d6b0877470,7.174166666666666
e3c8f0ab-eb8c-494a-b1de-2c39c72fdb2d,25.89183333333333
b5dd5eca-a3d0-41bc-aac1-0502a07f866b,20.06
366ede3e-841b-4a47-8f43-d8681c6fa61d,23.520497474747476
ed26fc12-acbd-4d25-ac7f-edeeb7f0f6cc,27.231604392382646
4392855a-f28d-401d-90cd-94a35bb68568,694.3976666666666
c7351b57-f2c8-4656-93e3-10aba076bbfc,7.341309523809523
a954fdae-f487-449c-8cc6-bb6c31bd3580,37.20599008834303
be10d901-a31c-4260-837b-e6379e9a55e3,52.50755952380953
7022e1c2-c263-4cf2-b83e-1c6d04d4e545,339.31
4eee3ce7-78fa-4a26-93bf-1716500e0f8c,90.89597546897548
7ba342c6-491b-4100-9c5e-0b0721e076c3,24.662000000000003
774d74b1-7741-45d0-8c08-8de101c3211c,181.44033333333337
8bc0256f-dd83-49f9-a162-d6af97df6d59,217.73326273726275
550aef37-7a98-47cf-ba55-9e61baa0bbb9,56.01819444444443
6d2c332e-01ec-457d-930a-93be7b753905,8.523333333333333
9c44ebab-af03-433d-af15-1c551a9e73cf,29.860166666666665
2e5eee90-f65c-472a-b01f-9449116d06a3,5.987
73d493f6-fb2b-4519-a4fd-55bb2bec223f,14.94
a894fede-48cc-4f2e-aabc-1693fe120a15,15.511251803751804
03527352-b93e-4922-8f3a-44432c3a31a2,15.267393939393939
4c7bfe5a-59db-476f-840b-3af5c4c2e0d1,65.87
e651bcae-351a-4c5b-a058-580b8a52eb7d,34.45554334554334
fccdd02b-6926-433a-9435-a774b38b030f,23.55416666666667
517898d7-66c2-458a-ba2e-35b9bac22fd4,15.492
c34511c1-3481-486b-b541-a1909cbc581a,386.9175
cf17ec3c-d87d-460d-bacc-cff3f32bc123,97.82950000000001
3bf9e6f7-d608-412e-ae43-601d4aa1d304,20.80633333333333
b09f2092-3aa3-4ee2-b6bf-f1ea646d2a7a,3.36
ebaeb0a8-011d-4420-b575-b7a17bce82df,297.871873015873
8d66d83c-4b8a-47b2-a0a4-daef781dbafa,55.27
3cd1b17f-4e23-4c6e-900d-f2e193f5a870,11.111621212121213
b9e2a6b8-a21f-464e-aa6d-d9e8f1e21456,1073.2128755688757
7b254876-e10d-422e-9bd5-042b80900af5,14.373501817626815
e24ca3a7-65f9-4a4f-94e0-5126c4422d7b,20.215140692640695
cb486764-ee0d-41b5-bd2d-c91297fb3c4e,1989.4758333333334
9a90ccee-ddd3-466e-ad01-6faafbe3303c,2.9997727272727275
ce5769a4-df7c-492f-9058-41dedf064696,157.37
83c45cf1-f59a-4b2a-a693-f674708c2fc6,18.558333333333334
d92c963d-ecf7-43f7-9928-1b76e3eef670,14.04
d88d17ea-c5af-499a-ac23-3eca8762157c,8.141754385964912
39f6aa84-10dc-4e03-b2bf-5f5815a009a3,13.776053113553115
e4b7a301-3e39-4bf2-8f7e-b671a837dcc9,274.64
90a7fd31-91de-47fd-8ad4-525cb534a226,26.612869047619046
ccb0b8ce-f4f4-4ec3-b99d-e7cd8cf7b2ea,41.467
e7c71cb8-ffb4-42c9-a30f-9f6cbf6e413a,61.51166666666667
9c537f44-8ec1-4620-b764-e21a189c8b6c,162.96
b8701c11-6b91-4c07-96a1-0c8e399cf73d,88.97219047619046
be2b4c9b-00a8-428b-ab73-bdabb5a332f5,122.12
a07a6a05-f2f0-48c6-aef7-ceea7e228d6b,73.54846428571427
75ea3651-e57f-4af0-aa5a-7b3dee66df5c,31.16192857142857
884d5280-b2fa-4933-9367-771f3e33cf07,108.19625000000003
7a1da8d3-ae20-47d8-8cc1-087e77af3453,649.2043333333332
0c88ed56-4006-4035-95f6-b52c2bf9c660,158.63
01dcb342-4cd5-4dbc-a252-d75c8c6987df,238.183463722552
aa59d164-5ef9-4aa3-b91b-152aec890eaa,124.55437975912974
8511caaf-9b86-4205-bd1d-01418c323319,1.7741666666666667
9139e087-2e45-409f-bb86-e12fe33fd35c,31.198709401709397
eaadf043-8c3b-42ea-82e1-85bb40e0ee14,52.3575
dae1ea5b-b698-4c5e-b446-be5d26c602b1,10.353776945276945
0b772ccb-3d24-45de-9f99-86828bd70295,1.564166666666667
6ba3f9cd-bbc7-4e80-9649-3233fa728479,37.72777380952382
9ac43976-e273-4b4a-87fa-b3d255ed6737,1.2200833333333336
78022d42-a8e8-4068-9950-7bd347234ea9,54.63133333333333
fdc05a10-61fa-47f2-8830-e383494a2875,11.875457237207236
44306b30-a226-43df-a088-d13b55443c06,5.406036463536464
04fcf584-79c6-41a7-b15b-8b6de0a0f22b,1129.85
3901acb8-97fe-45b0-96b8-1af5333be7e2,16.21031746031746
acba9e94-382f-4350-b935-fdb5d19e7dbf,71.15666666666667
c835f808-be58-4da6-a27a-3ebdd35121fc,28.63
b9fbdef9-ec01-4d38-93f7-1a865975ea92,19.675162698412695
92e15a83-33b3-4a24-8067-1d73efc7c29f,117.691
fadcbaf7-76ec-4acb-8007-40ab1a817e4b,135.41536710511707
049ebf35-6aa7-43be-bc99-faa90ae44187,83.535
413908ea-f587-46aa-8cea-ea55d2d5008f,2.4739583333333335
1dacb6eb-cf0c-4b32-836b-0f7219202504,58.82789393939395
141238e3-f33c-405f-ba02-4ad00a86575a,33.97666666666667
a7d304ec-e99e-4b7d-9a59-f60419c07401,1476.1132122044626
24c8b22a-072f-4647-b1e0-46d857395cd0,104.57
64718871-4f75-4842-8b04-7f2e9dfd5e5f,138.445
c871b366-146f-49e1-b01d-aab15865bd44,19.388177128427127
da78b628-ae23-4cad-9357-baac3acbe9b0,54.963257936507915
a44a7d7e-9813-4ea7-b8d9-c117054dadd4,2.5909426406926412
c4b5929c-6f5b-4c7a-87bd-70a239decc6f,8.723333333333333
248b96a2-2f33-49ad-b810-25124a1f6818,8.209642857142859
451b1c21-e382-4fc3-b093-486b747d8920,6.296948412698414
641949f6-3540-4e3d-9cb2-5665652f3049,64.17203968253968
2dccd48c-ab3f-4d7c-8afb-5f3a6f4ba354,23.612499999999997
a82845ac-4696-461c-ac26-790d6fdbb5f5,82.95866666666667
ae9ca76e-efd5-4390-8df0-f241918c0770,8.801190476190477
f637f580-c28c-48c9-a41e-602c1f3fad3a,27.302999999999997
6f4402d5-a96c-4e0c-8c26-7af47e954b39,96.883
15754a44-2897-4f9f-ab50-1a96f60b210b,47.135
160dc445-a915-48d7-915b-267b2924e2e6,22.735833333333332
fe190b44-532c-4f05-bd5e-64a819f37987,135.3634722222222
f05e2ea3-e05d-43b3-b553-507c600102ed,169.305
c62abfd3-7761-43cc-bfe5-a07b168c9993,169.73517460317464
9b65cae4-f6f0-4806-b451-429b6c754168,16.783192640692636
701a7023-315a-4f44-a390-74ba615797db,44.29009523809523
f4c2e2cc-3e2c-4fad-ae94-8472b1398749,4.5415
95e17731-f79e-41cf-a35f-fc21c9b8a7ef,36.68534848484849
4a962a85-501a-4f98-8d6c-1e11c07440f7,16.5485
081af72e-3a05-42a7-b823-ca4a53c0972e,4.377523809523811
01b62105-e601-4c58-8025-9d5e0c34f8e9,37.49933333333333
8036c71d-6152-471a-9f9d-be4a606cf75c,13.309666666666669
04cd4fa7-702d-47ca-b69a-c7e53e007b81,34.291
5f40bfd3-d38c-463a-8b8e-4124acad357f,148.17290476190476
117d9971-e0d0-413d-b3a0-272c1e620e2b,8.655
49ab8d44-9d0d-44da-bb3e-c54e06c68ad7,475.56583333333333
b43942ac-6ded-40aa-a0b8-2f905291dafd,296.28339285714287
810f0557-e5bf-4c9b-9b15-36f810243484,40.29839285714285
5a30cdc9-7d4d-4c4b-a633-d2aed20cb759,26.51866208791209
4efecdf5-39d9-46f6-b40c-8ecadddac48e,38.968333333333334
34abf244-bfd5-4910-84bf-e5e46835c753,27.481428571428573
2f77aea1-ac91-4c9e-ab8b-af96ffc8afd8,52.64166666666666
5cb975d7-2c7d-4370-9aa1-5c59806c0711,437.82369047619045
5efd11da-2b49-47a9-9f30-74f6ae3b3891,3.6895
d19a5088-0c66-4eff-bc19-c6e23246e791,8.864714285714285
9cf4b7a7-59c9-4d4f-a53e-89b35d9f83b6,44.84
0fca18b3-c984-4353-a0e7-f0109ce13ebe,231.48
7bba0056-005f-4ba0-b0f8-fa281148247f,7.631286546786547
88d13c36-abbc-446e-af77-733341a614b8,25.054000000000002
91e2e711-01f7-424b-bfc1-4c32988a2793,2.872666666666667
f8148c18-fad8-4aff-a8aa-7b98eb704280,2.1232063492063493
7997500e-b806-4679-bd53-b1be0ddf99c4,7.96204761904762
9b65b63d-0615-43b0-bd4c-ec4ac0e5a343,70.62866666666667
9c916aa4-a90a-4339-bde0-87199421747b,206.18834848484846
9ea86083-43d8-43b0-b014-3136616c32b7,38.96
825a0e9a-6bb2-41b5-9143-59d95e035f06,52.08
6c947649-841d-4345-90db-84439da281cd,23.323833333333333
fd2bc924-6f5f-411a-8576-9d1fa68f7a73,115.83
df0e2cdc-e080-4d3b-9228-f320eb9ac315,37.148666666666664
d4c56d01-2888-445a-a764-e9b93bf38f28,39.114875180375186
f5450ff6-3140-4949-8f4a-78b951b354fa,229.97285714285715
e53e94cf-5793-4e13-8165-54aac7139cd6,46.916803030303036
3f53f1f9-57da-4614-90dc-70c831e53c4c,9.849166666666667
07eb5a60-32b9-430d-9792-a9567da14c9c,12.927
75f33c46-c460-4046-ba90-9c32551deda8,156.71575
8182d581-0a9d-4c58-961b-79fd5106963b,40.40317243867244
de5be435-f9a7-4760-9e25-bd44e40a31c9,61.3025
5e0cfddd-34dd-4ebe-99c3-b1d9d5be6248,57.7914880952381
1361fe64-fe1e-4021-8a83-23a28448de3e,10.66
fe16f12b-a76c-44cc-9ba1-fd5b6532173c,3.8258095238095238
6cf0f200-b93b-46f6-886e-daaeac8e067f,54.94133333333333
0d028b9b-443d-468f-a749-ff436437d70f,9.435439393939395
6916ebfa-1ae0-4107-9946-e57ed7cd5b75,17.679166666666664
b5de316e-9e5e-4dee-af59-bc5cb6609acf,36.13860317460317
8f5b39b7-bb47-46eb-88b0-669d12addc4f,29.37147619047619
ed9cd732-b83e-447e-b3bf-c57bf8e52414,15.62
a56d87fd-049f-4c16-ac58-91bc2e7b95f5,27.640575091575087
735ba946-a66a-4e3f-b4cf-73786e167266,15.184607142857141
5d9ea547-58e6-4db5-b366-d4f2710fb384,142.625
9c86b8fa-2be4-400d-8d23-c97a8b20d0eb,153.84840588822942
6f5a75a0-ff62-4dc4-aa3a-d4a82dc97272,28.14703360528361
1dea18ca-5e8b-4c81-92c8-2afd5bbe18fe,11.756126984126984
2b0b5e79-c39d-4f37-8866-e439ad3fa3b0,46.785277777777786
77606796-2a98-4907-b31e-f1b4eb67bb09,8.394203601953603
3a218d90-4b1a-486b-af96-68629edb4198,6.864166666666666
7fcec5da-51e8-4ae5-af39-685b0e566140,187.095
beb92c84-5aad-4536-be8d-675977230db6,29.756772431674598
938432af-1acb-4245-937f-fdc95b0f3b64,17.976100566100566
79fec99e-7816-452b-a154-5456026d8a65,5.469960317460318
a1f92feb-a837-4138-95c4-f45b5605bf51,36.81
825ee9f0-dde5-4f9c-ad7b-27f2776552bc,32.897
9ed1ab0a-cb3e-4882-a308-dadf48932060,129.76956349206353
bd158f54-78bc-4997-8fc9-d957c14fb219,13.486500000000001
70db9a3c-9fdc-4ae8-8aa0-7b87738fbbd0,4.04
8488e429-eb75-46c5-aa90-962a5444162d,12.154567474192474
5b210511-d931-41d3-b6d4-add8d2ef3879,58.63302777777779
cc17849a-ee0a-4023-b81d-afe30dca39ca,6.62657251082251
213b0f37-80e9-4db2-a985-aff1d1a00614,52.32266308691309
35972be4-d217-4900-8cb0-5cbbcbb5b83d,35.846428571428575
01f44d7b-c896-447d-92ba-d045a3fcccee,45.138000000000005
c2d6ad43-7fe3-4ede-ae8f-cfacebbd3f43,68.84393181818182
7092b96e-de41-4f91-8810-121b890a5977,147.3288888888889
9e56bc3f-42f4-4738-b43d-45566d2fff9f,205.208
6c45b25d-88b0-4441-a792-ed255fdb35af,39.94961363636364
4f4b18a6-75bb-4dfc-885d-7c8986e117ae,268.8097405927406
7b33e80c-78e3-4346-900b-08a9deff16c7,8.463
9a69b99f-035b-416a-bd03-50aae96224a1,434.19166666666666
bf095693-f671-47b0-8d03-c9aa182315f7,4.63247619047619
d323c249-2be8-4c9a-a35d-7d9e3cf7e438,3.37
d6f26844-aaa7-4486-aa92-1730855bd58f,23.79364285714286
9c1278dc-ecfc-4b1c-b09d-52e011764279,6.8714244644244635
e5471b03-edba-4ddd-ac7f-d6719eff2225,22.992888888888892
85d79d4b-dff3-4069-af50-2eae1e88dc15,10.45166666666667
b806ae26-6e7b-4bee-b42d-e55e02db96aa,85.32216666666667
3940b597-a2cf-43a5-b587-6793b551481d,26.83464826839827
2f54a8eb-650d-4483-92f8-2ce9a627b094,327.3909523809524
30d6715f-78a3-4ee7-b4ca-fea7706ff9e8,186.1
3ee7dbea-c11a-402d-8468-1afa7608b751,45.72580808080807
8356e322-7352-4c17-8d42-87ec72e945e5,169.28259523809524
f2f92a37-928c-47c7-b8d3-158e474569a1,2.5233333333333334
3b2eaf0c-f210-4e1f-9c2d-090b7f3f0a02,90.41666666666666
257aee1f-a415-49c5-9013-5a203a318a84,35.94
24524839-04c8-4e19-b00f-fa67a2e83bce,2.612
378a945e-209e-4b5d-b186-78ecf2e57421,11.23
f1891b5c-4e64-438e-ab5b-02c70bca652e,1.2991839826839828
ab17b42b-d20e-4cf2-83f2-65a31f8b561d,10.207333333333333
4a18c84f-5921-45fb-898b-ab06a80bc3f9,49.05500000000001
e3e3370c-0535-4608-af97-da094d8cbea4,75.74983333333334
e7e62c91-60a0-4705-b62b-8a103bc4729f,4.51
5f6b411d-5468-453d-8f13-c884136e655c,16.11
93e73865-fd74-4ca5-83bb-9370fe695857,5.043333333333333
63b39031-0f2c-4a09-bb22-ac800e57cfe5,20.987
22864965-fec0-4921-bd08-2bfeba963342,4.885
4aff9653-aaae-430e-8c12-e7f6443b2650,8.972527777777778
74ff509c-29d1-44ba-969a-a965be1e6a67,146.7702619047619
aacbc75c-aae5-4274-b8bd-7ecd152f6ed7,76.15
06f242c6-0006-44d7-bfaa-20f4c7325c14,18.40167857142857
c45b5e7e-9366-475b-a0c9-d3b0b7ed7864,32.55533333333333
d236d3e6-13ca-49ea-a142-761dac9eccc0,86.98666666666668
102d164c-db34-4396-bf28-b1a0ae089329,13.093333333333332
194937ec-b86d-4e8d-b0b3-eed7e42f4546,12.340461538461538
82ce2a5b-a55d-4318-8574-26d5c10b5117,5.196261904761904
b1b1faa1-2a4c-4593-adb5-8f66dc6666dc,59.58081847890672
721ef613-a68a-407b-a390-08914053a501,7.560940476190478
a74f03b8-3224-4fa5-842a-8190a69e8c54,25.87666666666667
71f6961e-1b35-4d08-bb17-4f381d06df96,88.67229761904764
5bafbf68-1e9b-45e3-8aea-5cf4e7d46846,9.725
f6e41802-2d0d-43f9-859c-9a5dda554354,17.371666666666666
a526916c-b7fa-40bd-a961-0485806b7f34,117.34466666666665
f5652f55-3fd6-436e-9e26-11857df799ce,104.62916666666668
60e68025-86f7-4c8e-942d-04ece027515f,2.74
79a01097-356a-4235-beeb-ef8e2891fb08,20.684
9640295b-301c-45a8-ae21-adad43ed7c80,78.99
2f807201-0021-48f0-816d-ea674709c2c4,13.527999999999999
4de2b595-fe31-44f3-abeb-a2d458ef5e52,6.407857142857143
5550acaa-8c0a-4c2a-be6c-cd0328295410,173.76869047619047
7a900344-b153-4788-86ff-b8f894ebc85e,24.028333333333336
e3a4fcba-f285-4113-81f5-dab8df7a4c41,5.17
7cddd62a-06b9-4eef-b51e-aaccc34e0a42,22.58447436550378
ffdda836-f200-470e-9e9d-c8917a164043,7.855
99a18eb8-4752-460a-a3db-e02cdd1e7699,42.02416666666666
4652dfc6-d48a-439c-8ca6-0c27377a4f7f,1157.5604603174604
97058384-79b9-479d-aeca-33d8191d1c2b,23.36636574536575
768a44f5-8cd3-4534-98a3-56d7aea0097c,6.287071428571429
0f65f223-7bc0-4032-9010-e7ad437c1f90,11.355
b86db9d9-2ed2-4ae0-bf80-971bd59b9ce3,8.711666666666666
36524226-e934-4512-adc2-2c32134f1f46,56.75899999999999
0d57a2d7-d197-4958-a2b5-f57e8da5f424,73.31
dce58b40-9562-4190-b84f-0fdf14615221,68.78923412698413
7becfba6-9fa5-499c-8ac2-84fce9951e0f,30.276666666666664
eb6aa431-9f87-476a-9cce-cd43b977e403,25.1325
ffa5b55e-5f61-4cd7-8f66-741f492c34c6,150.3915119047619
117ec7d7-8f07-4b02-937f-3ffaa51c0a13,6.982642857142857
facadd00-9de5-401e-8854-89c9195e5e11,11.665357142857145
2569f21d-e3d5-4919-b7b6-5d36b43bce47,1.21
0df2ab62-8775-4a15-8fb1-0ca163f1698b,88.2510912698413
0f2ca62e-a0af-4735-a997-5e212f391b68,9.96
5adeb84c-9bd9-4859-8c1f-5609a2640368,59.517333333333326
4274fe0f-5663-461c-b70a-bc61dc122aee,30.56266666666667
e36ee178-9ea4-4a91-b919-1cb51bae48b6,8.21
254306bf-0c9e-4962-957b-c9d80a022497,11.05
a4a3ba4d-831a-461f-b8fb-246713c77e16,24.270958152958155
5e5d0604-6303-45b8-89af-53875fd8adf7,5.6361904761904755
fe227e74-6422-4564-9c10-470fd26b9d6c,106.24508333333333
d182eba6-933c-4715-993b-8a8927920c2b,15.347999500499503
a5507615-0915-4089-a7eb-9216c062ada9,60.675
cfad9e03-1bb5-4b8a-ab92-74d1c3f2aabf,135.70850000000002
4a1b9c48-1959-4add-a48f-fd4e5dac724d,24.83
77baea34-296d-4f0f-9b0b-1e191233101a,10.49
a96afbbb-124b-497c-81b9-05f2b2de1207,16.729333333333336
6bdf7f68-9af5-47ce-88f6-8b2991c6683b,79.53
b8cf385a-dba1-46b6-b85e-9d9505bb5520,350.0866666666667
9da407f6-fcfa-4de8-b18b-5687f033671d,68.69
2f93ba0b-1d9f-4acb-8c0e-f373de046294,134.98533333333333
58490fa5-94c7-4ae4-93b5-873f6166f388,79.71633333333334
6feb7a1a-0cf1-4e4b-b2f4-e690a2f27590,15.400333333333332
4230d90a-fd21-430b-a53c-2c4cfa08c703,37.11702380952381
888b10da-350a-4184-8a95-d27cc13dd69f,26.394007575757573
62435ccd-5e5f-4a93-9e53-6c272363164b,31.943583333333336
8e91a176-5ba6-4126-874f-fb7685b5a732,58.68
aaddc854-5c7d-47c2-8584-e2557a8e617a,7.321289682539682
1282c404-fac1-4ae7-829f-d8d297550aaa,136.89
e3603955-bfcc-4ac8-9432-0f1623b9b354,57.43917460317461
6c6cf037-417f-4be4-bb95-c1a0eb7738f0,114.64335497835502
0786f05c-fa14-4495-9c18-276899804701,97.82156746031745
4c9d80ec-8e2b-44fa-bd4a-6235736e6a63,368.4143174603175
72e0f3da-e654-43b9-8a4b-e21dba4101ef,78.37
51c75720-fe37-456c-890b-127a3396e3af,9.94
21feb808-a152-4232-9ee0-e3377034fd2c,37.27583333333333
39e9bc59-2f75-4e13-8618-7cf80e4f93bd,12.28
eb699a93-f2b4-4656-a1d3-e7aee5db262b,1.3430000000000002
d8f0e9cc-6751-48cf-b927-27a670d222ef,7.053833333333334
6fade34c-4a9f-4052-a158-cc931720eed3,4.578
fced2776-8f57-4b51-b9b3-796d71e0483c,28.18043253968254
c88ef3c7-0434-4ef3-bc18-6a419ee7f285,56.25647222222222
24b30ab6-ff32-41b6-b866-2e0eb0db6aa0,72.92523412698414
99eef75e-98de-4a42-8ec5-0ff3aa047484,437.548
7f0f01cd-8f7c-46ab-9d00-5bb9abcc96d8,30.67304653679654
17eef966-6e57-4528-989e-f1daa921e169,291.08
537eb5b4-6969-4420-8f7d-36b11cd93ccf,21.240666666666666
a65bc202-5e1c-4640-835d-47de07455a1c,24.78666666666667
af063a8e-6059-4616-8bba-9ae1f29df09d,4.918390054390055
9a45b3a9-6e77-4279-b686-cc8eb9d3a290,149.10485714285716
d7bd6a66-dcf1-4740-aa3c-8594f89f7d4d,31.37
8867a764-05fd-4014-b05c-1ad8de937ada,74.13
4be16682-ade3-40d0-93f3-650bf38988cf,15.200042451013037
50854ebc-bdeb-40da-89ce-992b25b8574d,19.325714285714287
4f5b246a-0b70-437c-8ecb-85bf877a5a5c,10.190666666666665
c0da0679-0177-43e8-ad83-ee6d48dccfa5,95.78583333333334
90db891f-1885-471e-986c-f7d161195397,13.3875
6ad2c42f-ad28-4a04-a820-5e48032478b5,7.093595238095238
b6468295-9f0c-49d7-ad99-0aa306c77d3a,59.82
0d788f42-8bb4-48de-8936-96ab1f22486f,29.98409269162211
8698799a-a967-48d2-8a36-b5f9c231ae75,337.35
b843fd87-a069-4abb-92ab-f58dfa86f8f8,45.65
f5ec1b71-13fb-4bf1-bd5e-9384b2467383,274.2375
472e18d0-abe5-4c3e-9fd6-a068c22cb7a3,214.7018646549528
e336608e-b2c8-4f15-b59e-bf14ab3b5b93,24.281500000000005
955c31f7-868c-4338-b3e0-8da49b3df12c,38.61
44e4a88b-f6a0-474c-9570-be86bc27e3f1,20.164267252355486
917bb639-631d-4178-9b4a-299c0b7ce643,22.43133333333333
1490c395-80b5-48d5-810a-cd266ce3ef8f,51.4335
bbf67d6a-a133-44c8-b668-0b650ef9ded6,8.163404761904763
88c1c46a-e611-4a58-aa04-e15a16c39f6d,30.021666666666665
544f9721-ec59-428a-81b1-bb85f370b299,51.29375000000001
2b572aad-58e5-4894-9e4e-dfeba58cbc35,35.98993131868132
d00863f1-9265-499d-ba6b-8cbbbd42cf03,15.075333333333333
68c9c290-c791-4a75-890e-9e4e78cf1a14,29.73585714285714
c664a8de-ea53-420d-9468-3de2542165ff,15.287754063188272
efb4f5e7-28c2-47be-9d47-254280b8458e,6.805
981693eb-48c0-4458-897a-9eb22630aec0,17.4
e9e41100-191f-44f1-8fc3-c3f419010ca4,16.479873426281326
3aad118f-62f1-4b55-b955-05d7ae891221,36.36
433d5137-0ff2-49fc-9d68-29c71cb54e68,19.989285714285714
addd8f33-8847-42a9-a998-76ef35128071,11.17
924f4513-1dd0-4c33-8972-7b69d21b953b,194.6296363636364
a7690e02-c5d4-4fe0-8a43-3591ac6dafca,160.92044047619046
17b4af2d-d308-4f8f-b7f0-86b3062e466c,38.62794588744588
cddf81a3-04d3-46eb-b1e5-42f627e0e33c,1.8770555555555557
43885435-3000-481e-9ed3-574fd25531d4,13.67
6face3b1-ebca-4609-8a93-2235f3c3642f,2500.685
18042f9e-7e36-49e0-bf33-cf9e400b1cd4,15.452166666666667
82586dda-6556-4f86-8b14-fbaa7aca8d24,16.027759491325668
0d6cd17f-d332-462e-8e96-8d6969d7105d,357.18
d3270947-1afd-4395-b999-1c536af3ccbf,53.06486904761904
552c9530-f466-4205-af0f-d681c115da58,19.34
ad30b98c-187c-4f8a-b4ad-68c50b110f40,22.068126050420165
9a847ff8-01aa-46cc-ada6-c3ea3c8569cc,9.11
9211a52a-361a-46e4-a1af-3fd69111f4e6,11.460476190476188
6c85b5fc-f7d0-40e6-85be-94816e4fc21b,1.4009761904761902
cb75bf15-efcd-4048-88e7-b8f10e9c4324,6.29
bacf0b51-ae28-45cb-804e-1282a72dab96,6.828023809523809
9da75da8-0c98-487b-8c83-4a0e5de402b3,81.07944444444445
3ae0961e-a6f0-45f7-adfe-cc05a73b9e77,8.42
479b5eb1-6079-4bf4-9e28-0a3d0bc8f6a1,16.945
09c504cb-c69d-405a-8878-ee06c198bfa9,56.57991025641026
03ffa509-f1e0-4d2b-8eb8-0a1c319d2d9a,5.559166666666667
44bac9dc-75b0-4f1c-a3c3-fe039bbde14d,17.45897619047619
cf25409d-521a-4095-87c3-781cf7cef318,56.36291666666667
cd8287c4-91d3-4797-acc7-72242ea6e58a,42.25403571428571
a19a3258-003f-439d-9f47-ecac9dd45a58,177.49066666666667
a9bcdf5c-0d97-4d57-a99f-16963052cdcb,34.3125
f8a0c99a-3a18-4c95-974c-e0bcd55813a0,34.058
efada50f-8a8e-42cb-a580-bc1517e39f38,12.191666666666668
735b1faa-1122-4bf6-b22b-86227dd5b3f1,5.5
edca1b17-35b8-491c-8c50-c15f78e11f2a,32.83538095238095
4def7d6d-9329-4454-a947-129e9fae2a30,20.157675438596492
3492ba5b-a42b-4f04-aab2-df059f4e7cc5,48.48833333333333
79d4b9e1-f93f-4fb4-aa5a-092e976d4e33,31.446666666666665
a7cbabbf-2efe-490a-8957-ccd620f216aa,49.36703174603174
35c74465-4b96-4057-826b-90c8fb94ae85,3.72
ee0155f3-c342-48d9-9404-2a8d05c1b972,212.47647894219645
b646d2c7-711c-4bee-8769-160c95fdbb5a,154.24866666666668
18355c5c-433e-4cb3-b90f-f19efc8c1e73,43.28607142857144
1930e84c-e290-4594-93f9-5f3caed8a2f6,307.57
c1bd8545-d4e7-422f-8cc5-adfa98ff3b00,97.59166666666668
b5bbc683-775d-4fb5-b120-1c304302e136,367.87
2a0b6fe6-3efb-4403-8379-40b8107be95b,107.01933333333335
3214ee54-c53b-42d0-879a-04369031ca61,15.316642857142858
a8585eb1-9835-44b2-acb5-4222b4c69e24,2.9
097bca77-e179-4e67-a235-33235a72ffc8,69.1175
2efdbfe3-a779-4835-bc07-e257451b6b05,21.83583333333333
60d1b1e9-6356-469c-b21a-86b86f033e89,24.491166666666665
72694810-ec3b-4cf6-9f44-9eb6556100b5,38.399523809523814
10fa03ce-be71-48ea-a081-1e38909c8966,66.37083333333334
9cb0b579-c14d-4ff5-aa25-23498d92edb4,125.84022727272726
e45a0211-6e6b-4b98-a9fe-456aa7dac446,92.39416666666668
96faaa32-c39b-4832-93bf-2f358d76fd4d,6.6575
767ad477-9732-47e1-a9c3-e48080cb8790,89.63
afab6feb-b7e0-4caa-93c0-67d0ce041ed2,28.264333333333333
9a272488-c9e3-42cc-ab8e-cd359504e3ba,939.3508769841274
2ae42d8b-bc68-4c80-8d5a-60065b4b9130,147.54766666666666
0d17012d-7c62-4bba-a5e4-6ee3d565d2a4,11.82602564102564
d6492ea9-c10b-45d8-b2d4-5949face709e,8.428833333333335
5a2b010d-5178-428c-9d4e-4a70d2098d3b,154.77949999999998
71733a00-ff8e-480b-818d-ae19f77df812,55.11749819624819
bdf81de3-6d30-49b2-94aa-ae9dfec0fca6,44.309793040293044
ac7de7da-9ba2-477a-b642-f4edaf77af05,47.19
c36046f6-a405-47cb-ab62-64614e699998,63.85
7e9931bb-e3a6-44d0-a34e-cf0cfde0bafd,5.574749178109474
5154978b-cf89-4121-a298-69293eeedfb9,15.126666666666665
8d5b7829-63ae-4f12-8d65-2484ff8e2f3d,103.45116666666667
2d4ebc33-75c8-4822-a48d-57401f36ddfc,66.54
2d3f75df-b081-4d70-8127-ce7a76bf20ab,27.628045079920085
62927f01-c4ba-411b-a014-e1ee2a917074,168.0595119047619
3097fa23-64b3-4287-890c-01d6cc1a2bc1,10.554833333333331
0349a3fa-260d-40f6-a0f6-564a74bc3e7b,69.32300000000001
2cc4228a-071b-41e3-82fc-7c5ebd10e703,7.41
2c3178a7-172e-4b81-9dd0-28cd29ad082f,175.99
c7b4558a-e3be-4bc8-91f4-dc7b34289061,123.09916666666666
2800d4e3-f6f2-456e-bfe6-d9d62b0cfae6,45.924939865689865
250aea7c-4dcf-453d-a5b5-8024a404c204,5.634448412698411
45175833-6e28-4726-bc34-b3a022be4146,12.11425
65fcb378-9587-4943-b234-bc655d031bf2,25.859309301809304
4fcc8984-e547-4af8-abdd-70fc671ec1a6,152.65099999999998
330dcb2b-cd6d-4127-9c4f-5aec370423a4,201.70483333333334
e7f2f585-4054-44fc-ae20-2f1f7037530a,75.514
96abe02a-c511-44ef-8af2-629c11b388c0,104.31009523809526
b9efcfc1-de29-4dbd-b374-89012792326c,27.619000000000007
26ad54fb-538e-4c5c-8eca-05fb3db11997,80.255
a1d96fc3-b3e1-4e70-b76f-bbf89c82dee0,12.976892857142857
5961437a-192f-4464-86db-0dcb10500ded,137.6483333333333
217d6404-e6c4-4df4-b150-db754a42d917,5.657287698412696
004e8d59-b91b-488a-b051-ed2769d8e8e3,192.95725
6299bf05-eaf5-40c7-8516-b8296bc68005,50.43066666666667
9db46d0d-7f30-4616-935a-866375da4863,122.74636904761903
1d9aff95-9581-4d35-9db0-1d2107177f72,7.296166666666667
2ddef9a5-a211-40bd-bdf0-94d98b803e84,3.0028896103896106
ad3b9f8e-b071-41ed-b4a7-f7a19a25dbe3,55.664500000000004
3bb80a57-8c22-4d67-a299-4d8f64de53a8,9.518069624819626
ad279f23-a1bb-46b8-866d-eddeba8d289b,65.46316666666667
9fb473f8-638b-4a39-9ab8-8dba48592be1,32.71
c1acbd62-0af9-4e0b-a2c8-eb19ef39e259,50.28026190476191
cf96c091-4337-4f12-ba3a-fc55464a79b6,182.51783333333333
421e6177-c2a4-4670-8678-5b969862fd44,5.563317821067821
7a6963be-48d6-4497-a865-58690bc4f7e4,6.412166666666667
0dca5562-b5a3-44ca-99e6-63aa88395915,4.88
5e1d2b4e-38f4-4176-8f7f-2fb047090f80,25.64
580fab1e-2019-4b4f-a0e4-2862cbbe7c21,7.829916666666667
efe9415e-f951-48e4-91b5-4ae98941e200,74.60525
53eab2ec-44f0-4cb3-982a-edfeee8076a6,52.61991666666666
36d0eb09-30f9-444e-b53e-f17331ccfd49,135.68578571428574
8a78b08c-0a30-4013-9f2f-2eb059dfa323,9.643188311688311
dfcc950b-3644-413d-941e-930bbf7502cd,9.214746031746033
350980a6-75cc-4939-8bf6-ee8cfd2aac81,1143.97
9fbe993a-fbf8-4e1c-90db-50a30e3ff973,27.25621428571429
bcfba1b1-431c-4f72-beca-530e46403ab2,82.05
5ecff5bc-f2c5-4fca-b26e-bc0ea1e9e6da,24.367619047619044
0ea67a27-bfce-4773-b3f7-976ad14838a8,27.51010927960928
16a0e628-0ff3-4368-a7a5-fddd6a73f05d,58.666333333333334
ad8a7395-63ad-43e9-a780-1c1d271f8ba0,13.889571428571427
dc128eb6-c12f-4dd4-80f7-a573358f6d14,18.209000000000003
dad772bd-4231-492b-bd2d-68319b00c575,533.3866666666667
60194263-34b1-4abe-9759-f3fb9ed25a03,89.90188888888889
e5f4cdb8-002c-41ff-a813-51c8d435306a,28.049950513538747
7c0fbe22-b8c1-4256-8150-ed8108f7c551,12.097000000000001
03e9a7b8-8502-4587-aef8-874041b57fd9,3.15
2711b597-1734-47cd-8ced-a83a3a6dcec5,49.04386446886447
ee638879-0913-4d0c-9437-b7026bb30c3b,4.815
b861560e-28d5-411d-a12a-508b84a8aac0,30.831666666666674
3cd05610-6dec-49f5-b1ff-32a20f9385d2,13.501892857142856
cc73d9fd-0dcd-4ff2-ab7d-48761a77643d,57.3775
a5c3d022-a2f9-4e30-ab79-f36efce4cb54,22.427833333333332
8946a92e-1dc8-4486-9e6f-4f0127e871a7,28.95860317460318
cb33d646-f9b4-4010-90e3-feecf92d0591,26.565444444444438
c925add5-189e-4ab1-a2d3-51f0191f66d6,8.465666666666667
c2d95b0b-a1e4-46ad-a39e-5008e836d9a5,59.3015386002886
88fd0da0-981e-416b-b03f-1f1999f74f4e,12.775099206349205
bd4bee06-8082-49c9-8f7b-16501f0f90c7,164.585
91fd44e1-52f3-4cbc-a747-560b350027db,140.14818181818183
b339d6c0-8b9c-4e99-950d-a4de780f5242,121.69625
5fc8c2b5-c2e1-43d1-9a06-d08f9d057087,182.48933333333335
dce9b453-4464-4ca3-920e-a04b367f092d,12.555248389467426
fffcc243-6692-466d-a427-4696a2f7ab61,18.937645604395605
2d52e791-dd2a-4588-8976-9080860c75bb,12.871454714875766
2a9df96d-9dbb-4dca-ae0d-e78a8f82fc6b,46.3325
9d070c41-4619-4087-8d8a-a466fa6c930c,13.817559523809523
eab6c2bb-2ce3-4efb-96f5-c67b653101b2,35.594
7f5ee19c-7f81-41c9-96f3-caea9a5e1f2d,6.25
4eb9df0b-c44a-4c13-a056-b84cfea845a8,125.06416666666668
137ac315-a3a8-4cf7-a820-d4b11cad02dd,15.619499999999999
280ef105-2dcb-4b85-818b-21e819777703,8.190825396825396
d25cfdfd-2a51-4ca1-a5de-97183ede26bc,23.85776637251637
7b19bfd7-a2cd-4983-8741-7b7de6b922e4,176.16657142857142
416820fe-2322-419e-8d65-95a0eff22553,191.484
ae62613f-b942-498b-8973-ec45eee20456,13.84966666666667
c172468d-4822-4878-be07-eb0603d55490,16.005
f4310591-29f7-4ae3-9dde-27027f86441b,6.963261904761905
56c2b052-623b-479f-b680-f372dc1c5b77,29.019178571428576
e93352f3-430b-4a4e-9779-3405a3d14565,21.29904302057592
9dc7e3d6-3e39-449d-b467-c65ba9ffe3d6,13.455327561327561
00243ce2-6ecc-4c63-8d58-1138476289e4,5.564663308913308
3f01c3d0-018a-410e-84c7-f9c6a31777ba,34.33266666666667
161ea5ea-a68b-41eb-a0f0-30c50859a0ed,6.649330808080809
6b0e620c-38de-4a64-9489-9dcecfab2800,12.86304761904762
9c7b56ae-a395-438f-a9fe-4228fd2fc081,215.48878205128207
eeb82a54-924e-481c-b099-a2ebdd9b6f57,93.53171428571427
8f381ea6-145a-4924-9ac5-d6c4ea8a11c2,16.25
e06336dc-62de-4fbe-8f96-3d2c901d8d05,110.97296810134313
43b18c8d-b3be-494d-8057-50e1a546cbcd,31.998472846597853
bfbca99f-ce43-458a-8827-ae2215a5f668,22.4305
b7b1aebf-50b0-45d8-bed4-38488a0af8ec,208.19791666666669
28f910b5-6ef8-407b-8f57-414f47e2bc74,9.315
b692e64b-a9fa-4ad8-b8c5-3f6795aa576e,52.19127380952382
1bc97774-51f6-41a9-9aed-b6449e513683,375.7876803751804
4e8cad28-6981-454e-b560-13548f66404c,68.531
aece6b71-1720-426c-bf31-07f5d479f81a,123.1608134920635
6e747f7e-9d41-40f8-a800-5dddca018cd8,5.608999999999998
b541ee39-cdc4-4b6f-8423-96d997261902,1.0935000000000001
42662ed4-71f0-4602-8a9d-e5b471ded1a2,35.19465079365079
5d291518-8d0a-499c-884b-ae834e5faa36,3.930976190476191
c2636e65-5a31-4653-8626-8a523a7a1794,93.43621428571429
711d6e89-28a7-478c-9605-dcf6cff6ec55,36.732253968253964
cab4b00b-8802-4376-962b-3f62a6cfa59f,7.58
9433dae8-02a7-4409-805a-0e2ff1ebc70d,153.74981461593958
500abab3-f907-437e-9a99-a8c5b7a8bca1,34.42387734487735
3062552c-6196-4fa7-8a62-2a8aa07ae8e8,531.725
b3a6ab86-cb51-46f0-93d8-ef197cc1c122,10.841583333333332
55dd8bd3-8ac1-4c96-bc30-1027ca6fa8d5,17.2325
e1b79b89-2b0c-480b-833d-e2ab6b1dd992,55.1725
3712531d-bc07-40cc-b721-cdbf2d8c074f,31.09325
024f86b8-ed86-4973-9b08-7b4e4a241099,33.6325
9df8891c-8a87-4129-9f95-5297c998f206,37.297095238095245
f15a53b1-62f5-4eb6-8169-9c9b9dcf1bed,14.122
f19e0704-dc37-465e-8c98-90005052e8df,30.151750000000003
1673edf2-1540-4715-b1dc-ba8ed107dc7c,54.40740873015871
a7f143fb-66c9-483a-aac6-ea10cb7a5a60,29.99
34daaa78-3fcd-4402-908e-1b7868dee8ea,36.16620695970696
66b1cff8-a128-4d2e-a47f-0aaf6c9c0680,20.348904040404044
2612d187-b2e0-4a7f-8b22-763ba21c40e0,11.831264568764569
a7edb685-a173-43dc-b0ab-b5ee890a50e6,35.40178571428571
2f826b80-95fb-4422-bfc1-40d13ef102b4,30.558261904761906
cd2db37e-a787-485d-a565-adda0f596882,84.15333333333334
125708e3-2f81-44be-9bc2-e851f5e0cfc6,45.813784992784996
e7966ce7-704f-4bb3-8282-c496a1d76c5b,28.35107070707071
0c12b9c2-5474-4dd8-8056-6212fb922370,36.20162626262626
96e1ce6d-36e7-482c-bd3b-fc5b6efeafdd,98.41833333333334
97b3defa-c6b0-4534-8e01-d2be94090647,19.210750000000004
e2e108d5-29bb-49b6-84b7-ff94bf3e1849,9.307166666666665
d586a567-550b-44d3-b176-63a309639688,40.460452380952376
7575fe6c-ec37-4355-880a-aa438bd9dcf8,111.11475000000002
e3d72330-8f8c-44b3-b93d-a6bd6e4c93e7,60.5382380952381
5cde996a-bcd2-4fda-8e68-68bca510b0a2,256.0844098124098
20fff24c-35dc-4f80-8629-986b5be6acb7,61.884750000000004
856ca424-6930-4d0c-ba14-e3b0c868186f,8.87853171828172
d45b8364-667e-43b4-b7c8-0fa752d98484,19.626935098717706
fae8fb97-3d3a-4873-975b-384c01dab270,40.72246031746032
4f35e333-31da-406c-a849-d226d3cac674,1.6296666666666666
6ee335e2-83d1-4ed4-86da-837149009f99,8.710011795394148
fc860611-b380-49f2-a0ac-1b776fba377a,31.27008644133644
63db266e-e81c-4c87-88fe-627787e746c5,4.693151154401155
014ec0a9-b2a3-49c8-8897-46f521bdd92e,83.08994139357375
c72d323d-48d0-4e34-bf15-2e156e7f1982,63.17398484848485
dd572279-bbd7-4946-8561-9c37014ec935,40.816135156510164
0168984b-cce4-486e-be27-e4df8d0d60bc,124.285
a0de538a-2b55-4b5c-b3d3-535786950e47,132.42
14a9d45c-d441-483b-93e8-cc4c926acd80,97.26622222222223
267e4d05-7e24-4dd4-a72d-2d602273bb2a,52.43231193806195
79404558-111f-4075-8b40-9859db011fda,17.589999999999996
0d05450e-3f6e-4808-b689-bb9369f9fbec,18.76
6ff541d5-867e-4fbe-8078-fe575fd80f63,6.0
464292a0-31e5-4584-8794-72c85781b069,11.028809523809523
3302d4c9-d3a7-419e-a840-fab7d7d75f4c,7.245
a58b6717-6c64-4b82-811a-2bb5bc02ddd7,98.84
fa51e595-9702-4309-9ffa-7fbdc2269525,98.0
1b652347-9961-4d5e-a139-8ab78defec10,12.245353174603174
df38c3ca-ae73-4239-96aa-740b01f2242b,7.52
267a08ae-01b8-4bca-96b3-6119019030c2,29.78333333333333
f674b693-a6c1-4d6c-a000-8a448537bbad,6.88
50ba7d13-cc87-463b-90ff-9f492b7776a7,160.0134874031197
782ec355-6239-48ad-8f6d-e410ccd6e854,30.968666666666667
2ca6b079-e029-457b-b5c0-4d141d231a06,102.88983333333331
62a3f8f3-e7c8-4833-a5fc-2c55a23abc23,27.803583333333336
7b2d5a3f-372d-4e9d-bd80-730e09c4643e,37.345
fc97c9c3-18c9-4a95-839a-5b3cf2edff88,50.61798015873015
61668af5-ec88-479a-95dc-e5b4ec52d4e2,2.405857142857143
fcd020aa-9dce-4af9-9912-e2ac6e148183,6.424166666666667
bfc17860-26c1-46ac-8224-6d18b5efe3c4,3.3056666666666668
67ef9226-2ae5-4a34-b421-aecd2dc5fb9f,25.821333333333328
16ac704a-3fe8-4a31-bd62-5f33ccc24fc1,57.475
50c0e1b7-fca7-42c7-9a03-ae365b04a85f,26.053833333333333
4d434ebc-d8d3-497b-b4e5-0fba8f90907c,17.558456349206345
a21e2900-2681-4834-ac2a-678cc7884b23,28.6025
be24f616-fd5a-4088-a948-7a9025dab603,160.00345177045176
0a92ab5b-f43d-4387-8a46-96fb5e304175,22.447364302364303
28a42877-e794-4a4d-88e6-2b3d6ddca20a,296.81
10d80717-8aff-4524-90bb-8c8e9ca9efe6,54.60833333333333
68ed3a51-14d0-4a94-9bd5-81a85b238af7,47.20766666666666
c02a96e8-67dc-4cb8-8d77-16291021b24a,207.93449206349206
2c194b84-8418-473c-beca-e0a78a189b6e,19.444448051948058
c5fb4f00-0169-4ad6-9093-c78e6b19e76d,13.888137445887448
3b7b3bc2-2670-4728-bfaf-c84eba9c1cf4,36.30266666666667
511189cc-eb6e-42d4-9789-96ca41a20211,100.285
ddf3ddec-9c84-4bc4-8664-bd81de5218b0,183.52666666666664
7d3cf23e-6b04-4bd5-a051-b13dc87cc66c,95.02
ae13f142-ce65-4b46-afd2-1fa004132d5f,83.585
6c61af5c-cebe-4e02-9246-28a74616a825,18.11
9facc33b-af52-41c0-8a5a-e3dbe8661fcd,68.2305
f7d47ed9-1759-4458-a3f3-6bd175682045,11.741666666666665
f62bbaec-eb40-4509-8e73-8a42322efd1b,45.66691666666666
633e0d44-c6b9-4530-a556-974060079950,207.66383333333332
26ec70dc-f157-4526-97f3-b9e8e8282996,9.170916666666665
6a77bad5-9a62-4b3b-9332-4301b91d903e,36.895
cd66db13-0539-408a-9a8f-1007d5e134db,97.77041666666666
0a53a383-3f41-47a0-add7-fab296601d88,44.44545335220336
aeac26af-c64b-4a78-9a49-8cb6ec9989d0,16.464166666666667
bc45a081-fbf6-4010-8ad2-959c5d534f6d,19.3775
54a63524-a6bc-491a-a0f3-291ee8c2939e,53.082880952380954
572fea2a-63ff-4f8a-9b10-7df745a36c99,110.32350000000001
a4ad5af3-ece6-4298-ac4a-e0a0af6329fb,21.64
62d18503-0b46-464c-9d6c-0c9d9816cd96,214.8306666666667
a35d3495-577b-4755-85e0-84919bb8bf58,55.63263095238095
8b6947d9-ca51-46b2-a0b3-b2d3b93a6a40,12.547935897435899
064136b7-8a86-40aa-80a5-61371b0fefda,6.346500000000001
c2715b74-1b27-4837-b52a-9447cc2a4b3c,9.648138888888889
4fd58993-41ea-4db9-9a23-fa044395d052,8.3459489089342
439d8d34-4278-431a-bc0c-b648204d9129,10.118333333333332
afeae8f6-6cfd-4d7c-921b-e29d7fc218ec,21.364285714285714
b6a1b577-ccc9-4f79-8f49-be270d55ea83,26.38
aa0c05aa-5a18-4e3b-8150-cb4d5fe9b24f,22.14419047619047
208d6591-a054-4ace-bc2e-f01bce09179f,14.364262126762128
40832d0b-ff34-4650-807f-f7cb32fb5ca6,160.85771428571425
5d2da982-6dc3-4f9f-ad92-4b30b7b7261e,135.88541330891331
2b92033c-4da3-479f-9da6-35fa253e14aa,14.434666666666665
2a1551dc-23f6-4bd1-ae2d-188d4637de1f,5.1635
32b36216-a102-4671-9adc-2bcc522f8235,7.9084649859943985
7f2d2a83-8a72-4b27-ab31-0c7fbd5bd198,42.12
ceeb3c7c-c02d-43d2-b7e8-fc40e1ce77c7,36.41328205128205
8ee25302-40e3-4278-947a-ce8e96de1fb2,1.2712857142857144
039fe700-0953-4761-812f-5765ab6c23f5,10.478660724896017
d0a3fc34-728e-49b0-9d10-ee4ce42dd12a,52.13
e1ea4bb4-6bf3-4ddd-8dc7-c786c34afc3b,49.209665223665226
8d507beb-933b-4176-9655-480e463f3a1b,58.43
dea705ed-bbc2-435b-82ff-d890c3cd99a7,42.986000000000004
f148926a-24d9-4c9b-a860-466786eac069,26.590714285714284
43b837cb-82b8-44de-b877-1ebbe66c9b44,25.7192012987013
084ceed3-7e88-4ec0-ae5b-e59ff3ffaca2,70.42785317460317
7390a9dc-6b95-4dbb-ab60-cece948e1a47,9.1435
bf66b89b-524e-4e77-a83e-137f7a4cccc6,156.00404761904764
71620fab-0633-425e-958d-3ba924000aaa,86.13340476190477
3a5bafd0-1c47-4bd8-84f8-e5630b80393d,161.10204892914103
2caac75d-6d9f-46dd-9253-2c533be27724,152.0540328078784
e0326b60-f1b4-4b9f-9da2-2afe43e7872f,99.31329487179488
7402521e-fe45-4ddb-9226-3132db098b23,280.6152727272727
eaaffb03-cbc9-4282-a4f0-626e3337b6db,9.902464285714286
4553163c-27a7-40b9-bcae-3030f8ea81ce,32.51811738261739
ec32c75e-c67c-47b1-a2af-ff2d224345b2,11.728666666666667
cac8b627-4638-47aa-8888-9bf6f286bb3c,24.440444960440317
9f41ad77-6ada-4a76-b1b5-71406922c42f,43.30024206349207
e8839d80-3493-43cc-ad77-7ad2cdbeed23,278.79
e29fea99-0fa4-46a7-bf97-d0b69a513f1f,25.82233333333334
dd99d71d-f6c5-42b4-b180-21adfc342c52,26.63
3c935dba-e9fb-4c09-8372-d9ed1886f393,31.498333333333335
76cc30b1-486a-49b5-aae4-b664da5b9443,43.23479473304473
62b500c9-9bbb-4454-9ffa-4947bf93860e,13.2425
c576a1ad-6df8-4ed0-9afc-7d8be03538ce,198.23725
ef89e8b9-02b4-4a02-b61a-960bfc50033d,50.56666666666667
9d35792d-2a17-40b8-ba1d-44d584d9e036,8.14
d76a984e-9041-4e1f-bbf7-420c756b5b2b,70.6055
018635a3-3f1a-49bc-ae1b-42b98bc529e9,37.13
f5a91505-fd58-430c-8640-51210983e15f,60.18416666666667
2b447a65-d057-4c99-8589-cbc825a6a294,107.15350000000001
7d5c8eb8-965a-4ae2-b93d-a9c0ec68d070,56.55033810633811
9875e077-480e-41de-86d1-58f8190f4f64,53.51878277278275
90e4458d-2199-4ee4-88b8-27951953eacf,9.41
d0e83463-0630-4211-80e5-7836f096a90c,18.1
91d0cb28-9c35-419f-9139-35410ca9357d,80.67833333333334
b402e394-bcce-45f4-8628-73e474e5f405,17.002
efd4f636-5c91-4f60-8100-cf5752ca8036,122.21
8788c0b0-de1c-4120-b75d-b884d485466c,79.20278174603175
1f69f5a4-e9d9-4e76-96fd-bd176906e5cf,110.00066666666667
8bf8741c-0a1d-4de7-8519-f9c84b041709,56.126595238095234
744663fa-2e30-4d47-ae90-46139da8f66b,4.1
943be271-dc53-4471-b091-52ada72c4d95,1.905833333333333
cd74f3fd-22e0-4438-ae63-54ec4020276d,9.779922466422466
f323e17a-9a0a-4da6-9879-84b4c11c51e6,13.56
63f31c35-e3d2-41d2-8137-86a11467e3b4,9.31
fa3fafff-1061-4267-8441-26d3ef15669d,23.634972222222228
e914c17f-5233-4525-a97d-505ce08347fc,13.443853174603175
1f134aca-6857-40cb-bcd1-e7e871d26a3b,290.67
7cb2b96a-6793-4db3-9535-613d8cc0eb78,95.11113311688314
55e60b01-e1a1-4a38-9f46-897d05a0fb6e,20.0
a933e28a-f48e-453c-9f75-364f24dd132f,131.53611904761902
06e07a6e-eed6-4a60-a078-d8680cdaa0ef,37.69965476190476
f7aeabdd-2760-4847-839a-55a84e939490,75.11974206349205
7c8e7e6b-492d-4c1d-9a41-86574bade4e4,17.28
8611548d-ceb9-4dfd-87a6-9c38032a15d2,84.87233333333333
7f84d40a-a1bd-4971-968e-aa587c68d503,15.592045454545454
2300cbd5-359c-459a-97b4-279d2952e84e,64.77866614594555
9555e15e-9f75-4d4d-a763-877d196f64a2,594.332562076812
df4c1318-366d-4eae-8d84-40bf33abbc71,138.1390769230769
285b9192-3d35-4e0f-8584-f93950a124f8,39.799435786435794
f84893b5-1883-403c-baf6-42a90f2e30bf,132.475
1043c22b-1db1-46b0-88f6-ca5d556e669f,407.146130952381
ca82c209-1032-483c-b26e-ecb6568500fc,60.418600732600744
e5199732-861b-4f5f-bdcf-de2564ac1e01,91.33956313131313
00a928b5-29f5-4baf-b407-248eee2ad1b1,71.51
203db200-44c6-4da9-815c-cbd6a2624f61,1.8759523809523804
d8830bb1-2e69-4dca-ae71-36461bdc715d,7.22
daa4b0fd-618e-42e5-9cc4-e9c2c05d1651,8.179499999999999
e598d2a0-3f94-45f6-a4bd-c69689165606,17.166666666666668
488444d3-e62a-40dc-8dd1-bd4df7babc48,18.21086904761905
df65361a-7114-493b-a33b-3418cfa0678e,23.98
5e7871fa-88af-442e-aaff-516de7848541,14.268833333333331
798c6e80-9d2f-4e96-b63c-4ebf53ec1c86,63.35529365079365
e05d0f00-5792-4665-9907-64587cd7cbb1,38.011825396825394
5186df96-b478-4a8a-af63-9bdc9d8c9d96,129.86609126984126
80365ca2-2f66-41bc-bbb3-ede1cfc632e4,3.0385833333333334
0ee65e77-52a3-499b-b936-c6edb7b5c3c3,68.12069047619048
c415f93a-93f9-4a78-9e71-510509a0cfe6,116.91383333333333
f712b281-c002-43df-9cee-070f289315d5,17.14
5e5ac348-d732-4b12-abd6-4cbe990d7f1a,39.25
52c0c75f-812e-44f8-b653-c8130d0e5954,3.5508333333333333
ceed0d94-0cf3-4e55-964f-39e6d977fb85,85.70133333333335
47d03c2d-4836-421d-85d3-fd3ecac3f3fc,21.701111111111114
4acc14c4-712a-432b-b8d9-3dda3f30f238,33.29533333333333
c23bd162-751c-4fbd-99cd-5489d2954ee5,22.21
458ed403-9265-433b-8771-0a6842145421,27.8652268009768
00251e06-3f79-49f1-9e5a-7735e9b7836f,18.865
77621df4-d218-430a-b9d2-3fbe504e0b7c,3.0088174603174607
8a29108c-d25e-4751-aaa0-6c62bdac1251,39.46430952380953
f8960b4a-558b-475d-81f2-c03ea1f92dc9,8.074333333333334
965d2d30-a8d7-4f69-98dd-7163848b5d17,22.777020202020203
20d233c4-bec4-4594-ad61-c8e0559307b4,235.74
8b882810-cba3-4db7-bb24-b92cccb562ff,6.7795
38ca397b-e6c4-49e8-9d19-65af8fa68a59,127.44404761904758
ac5d0065-ea7a-4302-b2c4-a705d64b7468,11.79
00eb7eb7-7fde-4928-a4d8-3212eea211de,14.96
d36f4194-6c86-480e-b1a9-2021ba095f39,121.82885082972584
50a60312-2478-46a7-9a57-aa185f9aea84,220.44951190476192
2dcdb445-2663-4bc3-bb20-ab05e14a1f2f,64.62095887445885
b14a9cb5-8364-4242-89be-479883c0c645,49.13
a4c738c3-5117-407e-85d2-feebb90ccd42,36.11394275169274
c0e8424c-24e0-4a6f-b894-7e3dbb903c09,9.575940476190477
10636ac3-d166-4fdb-bf6f-d2f163aa0aa9,8.86
52c21ac1-53b6-43b8-a515-a5b913e72acc,4.9
1debad3e-b8a2-472b-ae52-62cb42c40030,35.98883333333333
58cbecb2-50ac-4c07-817a-7c2d3c0e8ecc,1.6268333333333334
ddfdb9d2-0f5a-46d8-8996-c437332d96a5,4.873055194805194
88f83568-4b95-4a17-8c30-1b64077255d0,15.28333333333333
11402d4d-b494-4f61-995f-f495b1caeacf,16.85159523809524
abcf2261-f0aa-4794-90d4-1aafcbb1e698,28.25
2ae6ca98-4b98-4dd4-9f24-628f901347d8,75.51
eb295d0f-b1d8-48c9-add1-0d317c6e83e8,84.70038095238097
d739a54c-2171-45b9-850e-d5a5d504efa8,7.75
23414628-f70a-4805-b4be-a9136ee1e50c,127.2
44df2e7d-4462-4bef-bf0a-5b5da469c261,104.83633333333333
bfd3f689-5093-4778-a155-daa29098f3de,32.13064285714285
6c6d53ab-4295-4600-bfd6-ec421277c221,52.85
0d024450-b07d-4441-9caa-90e2c8dde087,156.38583333333332
563e0dcd-d679-48de-968b-7838f4e46a8c,19.137950854700858
69288fb3-9c48-44ee-a0f4-e7ac8270ec74,2603.2720357142857
d2ee863d-4cb9-419e-bd84-390498d6a8c8,19.588230297480298
32ee66f4-6895-4547-9dfa-6306ec788077,22.095
d70a16ea-4982-4391-b7bd-6789f7018718,324.26
7c551111-2fc5-4358-b96e-3848fefac654,65.53
2c26ddea-97be-4c36-85e5-957f77a439bd,42.69880952380952
691ce6b0-8a22-4d5c-9d1e-5852b11d4d3d,125.038
5f2dbd22-10a2-4065-b4d6-e13597752314,30.253
faa15ff7-661e-4b48-af97-1c41914d5aaa,69.60208333333333
40a117c1-88be-4ac8-ae62-2a4a76eb5ae5,20.27166666666666
9997434d-9257-4da9-ae27-20e63ac32915,28.342099567099567
3cec32e9-34fa-407c-b234-8eee21d523cf,113.13416666666667
30e5fa98-fbac-40ba-8035-511b5505454d,8.567119047619046
be535735-58b8-4279-a8bc-00d0c5716f56,8.405
eeda143f-9f9a-4c7e-b5b9-071a4b9cfae0,188.7006666666667
ddec6972-85fd-478c-9dda-8554d845860f,189.1415833333333
0288404a-59a0-44ae-a4f3-0b1f8cf4d340,291.0033333333333
9e00fe2b-bc53-4a61-8fe6-a2e0297d8181,215.38683333333336
863b8aa0-2523-4370-899c-416cd80d0a5e,5.036666666666667
18c347cf-0a62-4a95-b587-3311c9e8242b,9.053333333333335
eb81c35b-248d-4d4b-8529-c9f6e99a2a94,11.290705882352944
378c8057-47ce-41b7-9ace-e04b15fb4916,20.2375
90e81f81-9a2d-4fdb-8d1e-610db6ec02ba,10.684166666666664
563274d6-89ef-4e39-bfdc-f93ff7149634,13.313333333333333
c3dc7b9d-37d8-4b78-bc19-9d530e93cf92,12.016333333333332
88d52bf5-1c65-4ce8-af04-85a93698dae1,21.642083333333332
3c8e6390-e5b4-4681-adee-712febc196fc,30.013333333333332
5e5b46c1-3676-44a1-ad7c-9ac5e6522d8b,433.01
f48c402d-b13d-4eb1-92e9-0232a215f828,16.6725
7444f19d-823b-4614-b9d3-4172e052add6,65.91111111111111
51504270-8fa3-4a30-b279-d372674f3e2b,125.99950000000001
59ef5f7e-3796-4469-840f-a6d553a2282b,55.26
d52acb80-d51c-42ba-995d-bde33a6426f1,8.74
1aca8e48-c21b-456f-9e1a-03210d46a7da,51.17333333333333
c238a88c-ebc6-4c59-8840-6f0730127861,165.9845634920635
363addbf-4240-4b30-b74f-e28d10c737ec,954.4272279681106
09227732-76ae-4ef5-bdbc-7655f421f288,23.56659090909091
47a4429a-01dd-459c-9c33-0baec793cb63,491.2224166666667
3415ebd7-edea-4e02-9d8c-630f442c988a,2.284638888888889
8ae52667-55e2-4846-ac07-693f6f262a6b,10.536666666666665
06a2431c-6606-468f-819f-3eff9330600f,5.349928571428572
831e9b30-fd58-4c5a-8894-09898259b912,445.6557857142858
f13d4d9e-34aa-47ed-9f08-8992a5e7fea0,168.61
ecff5e95-62de-4ce4-a2df-a6191673d101,98.91841666666666
d3c9b99c-cc32-4f24-8ed5-fdaf396b65b5,26.183722222222226
54820eb0-b90b-4882-83bd-26f50a188fe5,37.635
481e527a-ecd8-4f0b-8f2c-08665dcf24fd,83.44439177652413
8eeb87e7-cdc4-4e4e-b833-bad670da7072,26.982976190476194
f9fe91ce-d0c7-4e2b-9c6b-f45638e551e2,19.63920238095238
b9d01a56-646e-4c5b-89a1-8ae732e47576,117.26238888888888
f672a362-f1f8-43a4-9a8c-6d6252a8dad3,40.8205
a731d197-9e56-43e8-8ef6-d1d407ff3a41,7.328333333333334
bf7af34a-616a-4cdf-89c8-e8712ad4eb10,20.24295238095238
c291667a-9162-4f12-98c8-ac2e3c53f509,19.4932619047619
0e836955-c12d-4bb2-a38d-51d1cc8dde39,70.65583333333333
6a2d40f8-c477-49b6-a5d5-69c31f001afc,27.97375732600733
f306c553-9a50-42ea-910d-fc42cf18c5e0,1.516916666666667
32ac2096-1735-4f12-a7c6-9b769043c626,12.778333333333332
e71e79cd-71ae-4fd3-abf8-34f31a384702,39.48
1d0403a7-35b4-4a41-a329-2729fb60e26c,46.46383333333331
3a680caa-1805-4341-a727-c507cf827ec9,57.13
92f4bf13-cfa3-4719-a2cd-ffe9da8d94a0,120.87916666666668
4d31aef1-e83d-4681-a529-5173f620af38,43.455
32c492e6-4e83-4c56-ab33-1e2368893c8e,346.86009149184144
759d1aa7-fe16-4396-8fdf-6b2ac717a4e9,209.09346031746026
bc67e46e-eb87-4810-b431-0d3c1f37df0c,34.704740564990566
eba8981b-0cc4-4186-994b-7de72f33ab14,102.31533333333333
14d6814f-3e2e-42d5-aafc-e6ec2182c0da,28.375378838481783
f33961da-6d70-4eb7-b653-e9356e470dbb,407.84712085137085
6bcbd8cd-444f-47a2-a1a4-243d2b575ab9,13.116035714285713
a07ca19f-c8ea-4e83-aed8-4ee3fb0bc22b,8.854527056277057
bce7508f-f51f-4824-9da7-db1429574666,18.31
45a32cdc-a9b5-4dcf-bce3-bec84d17a0f8,52.543388888888884
f09f60c2-5238-4781-a3bb-3f0c8e79f123,30.934999999999995
751f3167-6e71-4db0-ae45-0b0465847780,14.585
6c0c4d89-c4f2-40d9-82a3-c5c228a04609,13.83
39485206-fb80-4e52-8200-6e256d4b87f6,95.86992424242425
ed822eab-3646-4073-a083-d8b497e7632a,14.845
872850bf-7812-4d9a-b697-1a775afcf0cd,2.39
5bc9ed0e-4c27-4d64-b912-bc75137a0408,31.68666155043785
6c113f8c-a282-45e6-89a1-59e4ade376ec,7.218500000000001
1b9d884b-9f19-4404-a6da-958ad5ab3f75,17.9932619047619
f54e9f00-e386-4ea0-8e00-f99db0214a44,55.62491666666667
9ab29f55-dc45-4ec6-99e6-1e06b8394f16,207.78116666666668
1459b1f0-0a91-4b10-a21f-66b7001c8f53,55.17171428571429
1ec7f78c-4048-4179-b264-a700dd970d14,66.04863095238095
4693e4cd-4703-4d82-9a1b-7446b7226495,73.20658058608059
7734227c-791f-4df6-938f-0d85e5d0d8b3,14.81
c27fa315-3416-48c9-820b-ba15a7b0be4c,12.51833333333333
6f5c55a1-17ad-47e4-83aa-e55a6cc8896f,31.245
cfb79192-d2b7-43ba-856c-2959a02de310,120.95058333333334
8fdbb157-de00-4667-9e99-befb357c441c,40.044000000000004
10a91940-f2c2-4feb-bbd7-614f30b65504,106.97582112332115
932fd4ed-16a9-4278-a5c2-05af9b73b0fe,24.543869047619047
5e84b276-e46a-4120-b5e8-f42fad420ed4,72.96651190476192
a9683008-905d-473d-a80f-3cc4395ca418,2.2934761904761904
a7c1afbc-73da-450d-8510-12b74095c680,36.73765379065379
33c4303f-76d5-47f6-a74c-abad996d6bc5,65.57
29e62c36-fe62-4710-a47e-8a4a55edc684,17.71181016206016
84fdf889-882f-42f1-8bdd-e11f324e79ec,33.21874603174603
78bd7660-c142-40c1-b7cf-b5dee8a84450,250.69703676878675
3fdb4b07-b350-4d22-a26d-e08f38bcdad7,27.050666666666665
935f2cc1-9c3b-4d6d-98a8-6789d4697003,49.81
ab2802c9-be59-4d20-af59-752928663bdc,230.1809523809524
cb3e28b1-a592-49df-990e-0f2a5e3ecd77,116.05271964391817
3d33005f-641b-450a-9ba5-812a6f2ae667,7.689442179552476
ac324110-8134-43b8-b9d5-9a1f7cec6033,15.676785714285716
1e493153-101f-466b-8372-9325ab688f91,541.4630674603176
0faa2420-ea95-464f-ab00-31841efc9f49,2.317159907344118
566e70ac-5b8f-466b-833a-2ff1d9d870a1,23.328999999999997
a1abd88b-2214-428d-8b7a-fc6222361a0e,11.436166666666669
a5382aaf-57d6-427c-9501-42a43ab139cb,63.133833333333335
ec9a99e1-ccd2-4997-89d0-860526fd89db,6.94375
4c336e1b-4b47-46d1-a0df-a14825a45ee4,46.22833333333334
bd0a6d0b-472c-4d87-a818-159ae3aeaceb,317.17559523809524
52bb0f09-7a09-4a4e-8313-656c19ba615c,29.546999999999997
a0309612-b0e8-4c22-b4d0-106099bbb0a2,35.48339654789655
a0b98486-acfb-48f7-a375-2d4e44ee373f,71.87610858585859
4e5ad305-1c70-4ed4-97ef-09774a977953,21.062912698412692
832b0982-95d3-432f-8f99-a8807e93eb7c,65.31522252747256
daccb0bb-af3e-459c-9fb9-dd9ff7c67411,42.13848412698413
e18ec90e-66dd-424b-9ed9-c2f30d005214,26.93009429115776
dcc31e82-2b09-4ef9-a5b1-51e4a1898df4,92.57833333333333
074f3742-d5bb-4788-9fb3-949626578017,372.99992857142854
cd68402f-0f3e-4033-a5a5-8080d5b3e3e4,52.62666666666667
1fc84293-7e47-4b47-8b70-b993ba6887c6,407.6793870851372
c06152f1-af37-4160-997b-dd3f587beaa2,10.11
9da3f94a-9d1a-45dd-a448-c8888249b1f6,5.5074292929292925
a7536018-3008-44d8-b3f9-964e42ef9c97,39.31
037a69b4-2cea-42fb-ba80-bfa20d8914e3,13.405381422499067
099b8cf3-acbe-498f-a240-1d764aaae741,42.67848556998557
6eddb749-5425-4fdf-b1d3-e95c2f24bec5,11.47766666666667
3febb302-c878-42ef-8d48-0c0ca8642080,2.465
6c848b74-d910-4094-9f81-0f5551f81830,1.12
5a5092da-0b08-4e9c-a2bb-fa80bb8afb71,129.06650000000002
d733def7-be50-495e-b8ed-b4e35d5a6d3c,18.519605158730158
3e108187-69fd-4187-84a7-4d4534d8c7f4,74.76333333333334
874c9c40-097b-4899-bf3f-72999e80a92e,197.1140842768343
547ca055-efdb-4308-b303-f90a4881e21f,8.602073593073591
d4e31e90-f15e-48aa-8bcc-90f9ca4967bc,376.7
9c585b2b-d970-4892-9a1c-1cbb93a7fda8,21.113527833277832
eab3c1d1-9bc3-4876-9063-ff76d0638852,18.26212698412698
6dee49a6-7cc4-49e5-ad58-7573654eebed,44.777837301587304
e36ae8e4-79d9-4fbb-8ecd-c2d61df57d02,76.17657509157507
d7165877-7d9c-404b-8ddb-81c57e67c0f8,163.055
b18ff174-40a2-4f20-8b12-60938ef0c520,14.90895238095238
ca6e7e6f-c775-4788-addc-ef91de95be72,514.5981666666667
573496fe-72ac-4e20-8e6e-6521d9ffb1ae,100.82600000000001
5202a5a6-e3b1-48f4-a818-4628de2e0c8f,46.39561904761906
7864a6a8-3cdf-4b5f-b778-87b3c512878e,108.06166666666668
6dea5fc8-44cc-44aa-8426-de20d5161a8f,24.6675
70cd881b-61a8-4b54-a3eb-fd30b1b82e89,3.003
2e6b1285-fa0c-4a82-98cb-922eddd2686b,2.045
6cf2108a-fcdd-4bd8-8361-065fd46873d4,22.83916666666667
4f9c04af-e5ff-4bc1-add3-46042d24ef21,7.3454999999999995
c33c7e86-0844-40b9-9f7e-52de66d9b450,41.74
235937be-0295-4874-a3a7-7956e559a834,55.28
c5806157-0a10-4d07-ba59-55e8726da77f,101.694
181e16b2-f5aa-44d1-b099-423d67fc4b3c,7.754166666666667
48973d1f-864f-4102-9b68-a18be7910799,98.08175649350649
7e060ded-bed9-4d1f-9b74-d8aeac0689d6,69.17
dc80cc3f-e855-44e9-ab5f-4a0f13a4d314,421.2854292929294
beaf7d97-6032-4706-96ab-a8cfc9cc6066,8.013690476190476
8a6abacf-51f3-46d8-891e-2381d21d5b96,392.575
1cc75870-91be-4a75-8e7a-23dbac9672d9,52.04
9461e7be-a19c-41ad-8fc4-d126f4b6f003,2.6308333333333334
3c93800b-238d-4541-aa21-99ba154e2488,40.83694047619048
52d3a398-b340-4a64-b600-fc8a4e495b21,20.65197619047619
b567ea9e-e2c7-4179-91d3-8b23cfd0fd59,16.411794733044736
e9b3ac2d-ee74-42ba-b2d2-8f1530545b0e,19.779214285714286
35644203-45ba-4f4a-9ee0-942a392927e8,4.9
05e710d6-d80d-4d65-a34b-aa4954919f02,9.52
de8a791e-fe1c-4d0f-bc77-bbd093a39809,4.23
66fed749-650c-4469-bb68-70937993202a,98.41384523809522
1910c26d-68bb-488a-ba64-7008391a6eee,32.26295165945166
c471cfea-56c3-4708-a1ec-d70facce30ad,56.22314033189032
45d1c0e8-7277-438c-bc99-916daedfe430,63.603611111111114
141fc920-22f7-4212-b911-6dc4dfa1d5d7,58.42477777777777
31913f4d-c116-4628-833a-650413de158b,49.85096428571429
e17c92ee-5504-4fa4-b802-3d184b579bbb,106.14144047619044
f1043fde-1c3d-48dd-91b8-db8dfdb807cf,24.65125
f48ec674-1262-4f9f-a8d6-79d993f22866,42.715
d39899f1-4922-40ce-8286-e5b6be4e4dcf,220.13866666666664
646618aa-4622-46e6-a0a2-dd5c5b389de4,28.929333333333332
35c5fa9f-8599-4972-a860-dcd5907fa8be,35.832341269841265
83af1fb6-80b6-42cc-a69a-5ec80f48d5bb,8.220833333333333
44593635-1b20-41f9-bd27-58acf26adc73,17.425
e3bcd05a-7c11-4360-a7b2-5b8242135930,68.67
7b7225ee-4520-4320-b0a0-df2db6c47fb1,23.660952380952377
0203c161-dbdf-4772-9522-2db42adbea3f,9.707083333333335
6f465728-1ea7-4aec-b312-f089fe5e1a16,116.67389393939395
ad9e33fe-352e-43a5-a876-ef84c6e73321,58.55282251082251
4cefbd2d-5bb8-4d3a-ae07-10c05e3ce803,27.335333333333338
0ad395d5-f6e0-4d4a-9d8b-e7f1a9347ca7,8.7725
237c7c45-5fde-4ab0-a78d-0c58db809ed9,108.79566666666666
3fedfc0b-2f4e-4f38-bd19-ac2d2619166b,8.39029020979021
a6f24d5b-015a-4b94-b71d-8f9a1d95ec66,123.22536002314679
44e6e91b-efbf-4616-b635-da4d462464da,164.67030952380955
99b29e01-d9d8-493f-9168-6da5685bc953,92.7527527056277
a70df174-7430-4521-b321-26efbd0af2be,392.7242406204906
e595966f-4334-42a5-8440-0ced9ebfbd69,122.39904761904762
72c51b5f-09f3-4e16-b55c-f01ca5cb208d,2.795833333333334
68c299d0-919b-47d4-9edd-6e66794b700a,2.679072871572872
d76379e4-49af-4238-8ee0-4d86e1804fc2,22.52333333333333
5cf5fa90-5d25-4e65-b98b-1bc1a4e35bdc,24.004499999999997
75cc8ccf-2102-444a-88eb-15d0051a1371,21.06817857142857
ff047527-176f-4d9b-9d91-0d0ab8805a44,12.34361111111111
a8fc71c3-c84d-49ae-ba7e-cf9ea8f6d190,49.670202380952375
f0c637d5-737a-448e-a5c2-685a39cef1da,55.028059523809524
bbcb8465-2121-416f-bfc5-db88605863bc,14.907300144300144
8fe663c3-8d11-49b5-b8bb-79f91a59c3d3,57.96651984126984
f5d2eb79-b032-45f0-a295-e168146646f9,134.03404383116884
d0eec178-4bc3-4c94-8601-9759a6a4a46d,201.08803210678204
74c077b3-aa3f-4073-bbca-a20016ebc101,95.95333333333332
8d3faee7-ff89-4193-a644-ca0e672550e7,110.70238919413917
9c004eb5-3299-4e47-86b5-6049505007be,8.836714285714285
ec1c2fc6-f20a-4b02-8679-2e49a274dff3,73.90319047619049
702795a1-c23a-4ef9-bf47-bdeebb560b1d,49.83085714285714
85267a6f-070d-4359-8b7b-c28cfb1b854d,15.797600563909773
ad861705-22c2-4493-ba34-799151a27d93,8.895894445423858
41093334-0805-4f4f-bc11-ee24a42fc637,1994.2643571428573
be45d7a0-5827-4489-a4de-fd4a027820ac,119.55530952380954
ca9a2de6-d4c8-43dc-af38-10da8bc6c81d,46.27941666666666
15eec662-1280-40d7-a97c-db45e59344ce,7.97
e47a65c5-45d5-4b22-ae9b-bf0c506a9110,34.66
711a49cc-605b-445f-be01-9c0a97b9ba9d,32.32657142857143
6b57fb96-628c-48b4-874d-241d99a9d05b,1.558
49bce0fb-b2c3-4cd4-a0c4-ee0c323674f1,12.229333333333335
abc6c1fc-616d-4ea8-a36a-e66c84c4ea00,375.91
74008396-3438-4ca4-bd54-f0ef84eb2e75,57.90465476190476
d6dee150-23e4-4d29-8e51-420153ccc45f,59.89099999999999
b60e494f-bc85-44e2-820a-7e46f6424fe2,59.51945238095237
3b3fcabd-c249-408b-b1f5-a0dcac595f95,102.04756349206349
cccf9202-e6da-4492-a672-c2fcbca5e9a4,10.230714285714285
5dd7dfe4-e58e-44ad-bfd7-d128ddc8daf7,203.11655555555558
ba99adda-c088-44ae-bd9d-47194294806a,87.40269455054748
5fdc7fa9-ebd5-46a8-a069-8b0b83db7bd9,14.961733821733821
bd8f2125-0218-46ce-b4d8-6022738ba61e,182.002
a234fadd-ee7d-48dd-9a98-9490cf53d287,127.43269444444446
c7a72893-3b71-4903-815f-30682a301388,17.761666666666667
d6105561-6ba4-4e96-bf83-9b0b1aa29866,82.53633333333332
1fe70f64-0d7d-4d3a-b156-f84b177321b4,25.122887085137087
c8941061-e2d4-4d95-912d-ceacc97fcaef,55.13
7dc38ffb-98df-4212-a154-83e6aedd3d14,11.615
3cbeefde-a452-4a01-9864-7e3ff404ac0a,8.5928566988567
4f8c78ce-f119-43fa-80d3-1115f6ef8df7,113.18609523809526
aceb90d0-56de-4a1a-a37a-fbe7b65a51ce,19.264166666666664
da40083d-a666-46bf-863c-b751fc19a077,18.888333333333332
eecd36ca-9619-4185-bd44-53104949a28f,41.207
4768b7fc-405f-44c8-be47-227a3ca661d2,87.0775
54992608-1a24-422d-835e-d1502576a962,40.39432034632035
660355dd-2dd5-4bc8-a12f-20570683c1da,11.794071428571424
b5c8b24a-b82f-4cdf-91e4-a84f94f2cd6d,19.020238095238096
ee700965-f536-49fa-9147-26f352708f1b,51.27416666666667
2feba712-0bed-48df-bb22-8ef04bd0b5f2,18.532703463203465
241f890b-3983-4a72-b61c-4f60a52a2706,296.99133333333333
8e105575-5892-4cf9-8ec4-c0fb81633cdb,10.052911616161614
e6a85997-e03f-467d-b151-0bd3747fef0b,215.44983333333337
1cd85f71-dd3d-4c91-9a80-aaddfd3b9b36,29.140000000000004
0bb7425a-65ed-4ab5-9e24-730da7bf0359,50.68219047619047
67dfe851-d702-494b-9ee6-e68c836dcf84,6.9
6df62a04-b974-438b-8034-8f0e05104236,6.349107142857142
c0e9d792-242f-44c6-bc47-b6a27e4c2d07,65.1925
99e9a00f-9378-4e2d-8fae-26c5cda1154e,48.96472222222223
c815cbcc-3250-47c2-98aa-83132c386eba,156.48775299700299
4ec0ec09-e82a-447c-bd3b-ec09d968df0f,19.012
19c2643b-1b3f-48d0-802f-57a0d4ff2231,137.55991666666662
887c28de-ca18-46d5-857c-184978c9be1f,4.384596153846154
74b8d8e6-65d3-47b1-8e15-be03c3676148,2.53852380952381
fa404db0-167e-47ba-93b3-3a4bf68b6b11,79.14
c3aaf7c7-3c5b-42dd-a34a-0d4860db95b8,13.514999999999997
a54b0c55-c872-4ac1-815a-5c065a5e2a0c,10.07147619047619
20816700-4c3f-4a08-af76-8483ef9b8d25,7.57
5aba3a7f-abcf-46bf-a8e3-96fb6bccf72b,19.665962495837494
bd309d02-fa8c-4bbd-8adf-8e2246304f3f,4.676
a6730b4a-a228-4456-ad64-0c163f1ad049,18.79
61303e40-d49b-494a-abaa-881c430eea3a,42.40129529680844
ddf92bbf-192a-450b-93b8-61a09d0658d4,49.13
4b33d76e-f98c-4a7d-b533-1e8265dc49c8,2.5467460317460318
5cfddd5d-1470-4215-ac23-f851ea6e9981,32.52486131524135
6f382853-fdf9-45fe-a86f-5c9ae3f5fdef,27.1425
c1331101-4c94-4b10-87cd-2dd9747103e4,11.82554761904762
1ba28ef8-c63b-40f8-b120-0836624d4ae4,394.28166666666664
0f6039a7-afbc-4ba8-b185-9563ba617888,223.63416666666663
50d5c8dd-ac57-4c0f-8645-c116137acd1b,13.06
26c1e85a-509b-48c5-a89c-8b5c4c432445,6.578722222222223
98b2c1e0-9c2c-4c94-b360-b99f1ff85496,32.02021519167108
c66d2ff3-1f45-4682-a384-3c1da06bd930,4.76
0b4f61d8-912c-428e-9bba-64a2962ae6aa,6.707184343434343
b8e2bc41-c291-48da-90ea-ccd9d2f5ea42,40.03597619047619
c29b954b-c0a4-4e85-adda-08bb6a77a87d,67.2475
97d29157-418d-478c-ae1c-c5fc969c8a5c,84.67049999999999
b47b8273-2d73-46a8-b441-27efcac59c11,40.0989880952381
bb0e315d-35d3-4e94-822d-7b95d619b0a7,56.692093346711765
bca5b9e6-197d-46ef-8da2-1d0fed7af52e,26.88
ed6cb19a-ed33-40ff-b293-ccc77ca93bf0,80.46223214285715
82abd765-a593-4a54-accb-80f908092858,113.58083333333337
eafbc7ba-c89f-4f34-b958-7c87d3ae2de3,58.55859523809524
5c638fab-b2e6-47e2-b1bb-b32f57f2e875,62.99666666666667
512fca32-75b3-4f91-8e4d-6f3a6be0ccfe,45.93466666666667
99e71afa-abfe-4442-9f83-dc44a482a9d1,506.8945604702317
65eff342-2719-4228-8cff-67808709eb3e,4.973559523809524
6840e023-f381-45dc-aca4-16baedf685a2,83.213
abdfa85d-53e9-4099-948f-04cf17989c21,133.205
d89f251b-2a24-46dd-b1ae-98c76cbdccc3,18.8125
d8c6fad4-1b78-4971-884a-8c7b6e62807d,3.92
77c25d41-4ced-4e0c-b6ea-ad9c2334eef4,4.837166666666667
e0f14c82-63f1-4a0c-b2f1-a49034c0c57e,15.039642857142859
3eac1f79-38bc-45af-b65d-a999e93105ac,54.162
5839dcc0-5b1e-409c-9d91-af7b79517a1f,172.1752373737374
a16bde2d-231f-4968-8950-61b423c481d0,37.71083333333333
a1461cef-7e23-4e27-8dca-3ec4611194cf,265.46166666666664
a638400b-f997-43ca-9ed0-059c9201aec4,28.655665168165168
48c895b6-48c7-460d-ab8b-0f0a3593bb27,204.40599999999998
dfbe7f80-a9f0-44df-b801-c72e867c2184,48.99625457875458
912e42d8-ddb9-406f-8cef-a6346f9a4ece,187.6291666666667
4f9090ef-664e-4a84-9506-7a7ca40072fb,32.702142496392504
4cfc372f-c4e9-4eb5-a4d0-57c19773a737,20.03
8de4906f-97b4-4f79-8fd1-32046d54e0d9,347.45666666666665
4dc79e92-32ed-485b-b064-23883a9468d9,26.487500000000004
47f81d5a-54b1-4333-b0e6-2436b5cca198,25.090892857142855
43aa8d41-4204-420f-9fba-a4e9ffec7edb,70.94933333333333
9486b520-6020-4e7a-8486-8f19644dbd65,354.2066666666667
2fd3a06b-dfe2-4cb7-a254-6ae25f5840d9,6.081320623820623
5f88da88-07e0-4aa9-a185-e1cbebeb7142,62.83
49e4b0c7-04b0-4359-9abf-ad23b6a4dcc6,7.583333333333332
e18ec2cc-fe0d-4dfb-be5e-d8897f7f0393,2.6043333333333334
a2a54bc4-0f5f-4299-91dd-4884efc73824,1.86
12637b63-ac68-4bd6-9561-64b17341a822,6.6
abaaeb71-b9ab-43bc-9d5a-cf62e5fb3b3b,31.760476190476187
24914d49-3fec-42b0-a3eb-c477c051d5aa,20.271
5e472fa8-bf52-400b-bc24-7b132676e698,48.76984523809523
ff017941-e5c5-4c3e-ad8e-51bee7a0d3f3,206.70946428571423
93e40a4b-28cb-4c8e-9f39-897a850a6560,128.71
82fa9abb-ec24-4c7b-a3cf-d3236348a89b,40.90065476190477
843d1038-8f96-4a99-a371-efcc7b8b4677,37.99064285714286
d1082a7c-e37e-4278-a94c-7098758555c0,9.234621212121212
05b999e5-b9eb-478d-a50c-6033e1b46e0d,16.218333333333334
14fd30ac-aa90-4b07-943d-97b6acdc4d5f,164.46988641913637
3145ed96-5bba-415d-8de0-8f9eea81dfa1,242.15016666666668
edf18b0c-41eb-4e20-89b4-69f0e72d306e,27.46333333333333
5531add1-7846-4d90-8937-865e9b25feb5,32.07866666666667
4d9129e1-0716-405e-9976-acb630383656,31.2275
1d49eec2-49d3-415c-828b-ce89825bc898,6.157257936507936
db90c340-4ac0-4d16-bf85-7216c7256e49,32.56
e882105c-e4fa-46d6-b9ca-578f57372e98,34.39
6384ea70-4a0d-410b-9773-7db4ed2a0767,96.47
7efa8676-b53e-4a4d-85b1-a99704520d4a,937.3890005411254
13ed5046-b127-4cf7-a66d-c00b3b992e20,33.742
6358d4a5-0c69-4daa-b4ac-606658588ed8,18.389285714285716
36221ef6-27a0-4bb8-bf9f-60f825edac02,103.53508333333333
2efff8ae-67d1-41e4-9f2e-bc986b0cba3b,1.3976666666666666
b03f8ab7-1832-46eb-bae4-d723c63835ba,16.3
7acde9ff-e8bd-4b4a-9f16-7747cfd21c9f,3.3827499999999997
3c945173-c644-4845-b8a6-8ac3ef5eb407,10.51
8a0c036f-550d-4801-a24f-de1d2cc8ef29,5.6648896103896105
be6db375-64e9-4c03-8ce3-94fa445258ee,44.38511507936508
3dd3e98f-8836-42d4-82ce-34df37b63a27,49.14916666666667
d2156a90-bf58-4eea-a40c-16ea34114548,11.485666666666667
f2d7ed73-2cbd-4e56-974b-345e345f2854,77.45
167191ce-25d6-45dc-b0a6-8c9e42d9c199,11.76
0c4c5ebf-08d9-4097-8cce-bc1c40117758,38.406806998557
36ab413a-6e14-4182-b65d-cbe256ed8dde,1267.7113726551224
9fc26d73-ff23-4f71-8ed7-ab00bddeb62b,41.502167832167835
ed9ca62e-16d4-4c52-800d-f2d10e5f62da,48.022187062937064
c130caf7-3c3d-40f9-976d-f9f369b89f69,1.36
7d5782d1-3638-436a-9217-7e9be8aeeda5,9.28595238095238
08dc72d5-05f2-443d-bc16-9518302f928d,6.91547619047619
e05036ba-74cf-4cd8-bc40-39a871f8392b,33.971333333333334
640719a0-c6c4-47a5-8ba6-884849e56749,49.673
e204ea1f-781c-4bd1-ae5b-1a6d0ceb6501,103.68
51e71456-1de4-4a0b-a59b-8813c077ec9f,40.731988095238094
4952db55-3b4f-481c-b4b2-4cfe76044ae6,25.515833333333333
764eec1b-d54b-48f5-99e0-b3bfe695942a,106.79983333333335
748e3a74-1325-4a3f-8951-9f5bdc05f17f,44.565952380952375
3c7816b2-a97a-48e6-9933-127ef95161af,25.96913888888889
e12783e9-96d5-4913-96a1-6fa58ac01a4e,43.85416666666667
6f81b83f-e7e4-44a1-97a8-178acebf6ab4,59.19166666666667
8189a6ca-865c-4998-a146-525344719307,243.1093928571429
fd252dce-2a1e-4ba8-adac-e7080c4e1c5a,113.61166666666666
1b50fdc7-2119-4d0c-9225-e94259019695,10.33
2a6a4bc2-b605-4a88-802f-cba1589df363,89.36055555555555
753228a0-d9f0-4e50-959a-a2bae74a23b9,6.520194444444443
949cd3ad-9a88-48cd-b42e-b10b13d17327,36.72385317460317
20971fd4-5916-4786-b631-2c5a3899206b,18.608295454545456
75d95401-b190-4c13-8933-1d97c3e07826,16.470309523809522
0ef2db4a-c504-4172-90c9-0a60ad2f0f9e,8.227833333333335
85f37e31-6c9f-47b1-9181-3f2c5894b069,68.78666666666668
09fb34ca-4521-4f7c-a8bc-2b4ad81dd7e4,44.51204365079365
55c2451b-4ae3-4154-bb5f-42a8ef01a133,38.23666666666667
54bec09b-340a-4428-81dc-aa81c5c17ee4,1082.6051071428572
90585b48-653d-49d6-bfed-cc1a4f23852f,1264.5533333333333
976680f7-e8c1-4540-ab76-5c1e3bb5fc3c,27.589999999999996
84f716b6-2be6-4dc1-9d8b-60a89643b575,8.3
4b9fd54f-c958-4991-81a3-b76abe6f6c5f,12.483333333333333
34fb042e-0f9a-47c3-9a26-bd4369816941,5.18
71d411f1-e942-470f-83dc-3f871f0a2b49,2.186501443001443
15160f96-b7a7-4d3d-af5e-b8ed6f32bbf7,13.373642857142858
13f3c2dd-33ef-4651-bb17-417079656637,14.421396464646463
9b5672c0-3dea-447f-b015-f0430bb21dcc,1284.789
76998527-3760-40e9-9c8b-5276ca719046,13.925
2a163404-7885-4169-b520-b80dd0f9f972,6.599666666666667
eb9dcae1-3585-4bce-b154-4159ba2e9a1e,66.21011616161616
68af9f19-8ce3-4ccc-8a7c-200d31d737ee,9.973833333333333
8b19422a-e08c-41ae-9f05-ff2a249313d7,8.1
a9ddf6fa-2907-4f9f-ae27-120ba64e42ad,3.9525
aa2162af-b7e5-4f3b-a15c-c64e9b47dec2,5.841833333333334
3d4d2f04-34ee-433a-b17f-6814d3e998fb,25.93333333333333
26c73525-c2ab-4f08-ad17-96af40b4cbb4,13.710201659451657
e1855065-74ca-4e46-893b-027e90bce685,21.40666666666667
2aeb6970-c752-44ed-b0e8-49f1378f3017,355.9180119047619
44f25519-5e25-4577-9560-952a3cd35126,9.169142857142855
634824cd-b086-48f2-a214-80cd1872a187,45.86866666666667
09a73618-bcdf-4a85-83a8-6138d94ca8ed,46.2462619047619
ea62f442-bd1a-4e87-acdd-36e25d60da2c,4.847575396825397
65ff6013-9e41-424c-b42a-a10fed754746,48.98402534892009
25a7dc09-e157-47ba-bd24-6930b02ec71e,1.73
1d8f8503-45cd-48b8-9118-d2fa5ca677e8,75.88715051941523
3c10f60e-e3e8-4d48-b8ec-8747ec329328,203.32
d7df6b65-367f-48ae-a12b-074f496f3836,34.01708333333333
1b313fc2-944a-4cef-9fcf-347bb5272f23,8.367059523809523
4604a6ee-3fa5-4cd7-9853-32261e3511b2,23.37016666666667
47934ca4-bc7c-4ccc-ad92-83edcbcb3eba,22.3375
eab36137-9562-4848-995c-59a8c515de75,44.99756746031746
f92902b6-013f-445d-aecb-ae47ce10c2bd,8.341666666666667
9fce53e4-a483-4134-8fee-61b0d3b6fe38,22.17
ac809170-ba8c-4b99-a056-7f5967414056,34.027904761904765
3cd3475a-29cd-48e6-9065-7e51b79a7420,7.024047619047621
3e94136d-308a-499b-a3c8-2103df776775,326.105
886fff88-04f8-402d-8301-7945d8c9da25,89.74976190476191
e5f52dc6-e0bd-4605-a601-b018747d2c00,42.46162820512821
8a447926-3996-48c1-9c3b-894929a3c863,68.05
2591e216-354b-4eb3-88f7-4aa33c48e6e1,3.318333333333334
3ddcd571-38ef-47a7-ad08-5985ceb9d99f,776.3221428571429
322265e6-5192-435d-b982-e25f5c1310f6,3537.8743333333337
93738ca8-2c5d-41d5-b922-b51eec72c5e2,25.92098041432252
ba19fc9c-fd11-45fe-bd5f-9cd435fa90ba,14.5692683982684
bcc58210-b40e-4171-83d0-49a7c0cba7d3,241.52333333333337
e322fac6-6cae-4971-8548-a32860790cd2,88.25
8c3235b1-2fc0-44e9-9479-407a5c83cbc9,50.3
2cda70bc-a236-49b5-9582-a47c61ed3320,95.3825
63faa191-b8a6-4c68-8f85-e27deeffe43e,132.94838095238094
638462ec-868a-4ea2-80e2-ac6b0fcc6a72,227.98
92b69107-4928-4d07-901f-92652a71ae70,8.901
20e4c30b-7bbb-4aba-88fd-8d2dec228ddd,3.4626666666666663
70423a3b-a1b5-4f9e-b059-3d2f131d03be,55.48613888888889
b991f87c-9d65-4cdd-9199-1dc5d2ebb667,32.653177503052504
d529d940-f0d7-4938-93a0-dd90ba83d3f5,3.7634761904761906
d0e84a46-c31d-4095-9532-da489792b6f3,34.74674603174603
06896cca-ad68-4423-bc83-4cf95fcb4f09,57.74532251082252
160e0019-5893-401b-bbe3-28ba6c2e0492,30.170134337884345
dc4b9fd8-a2b0-44c3-9902-0bb666614123,154.97283333333334
c0ebf8a2-7584-4d52-aaac-1c8fcdf7deac,71.09919988697231
e715fa9f-930b-419b-b04d-8e73de43f640,53.266749999999995
11bba9ec-d2f9-44ab-ac4d-84b9654fc011,10.0114942002442
6773d632-7bd1-445f-8c9d-5924bcb866fa,323.08033333333333
59af9ee2-9e4e-446a-85a2-fe130095f5b9,86.39200000000001
c16964be-832a-44ff-b8a9-cbda6e9c23ea,2.905666666666666
ae955784-68d1-439f-881a-a3934cc67294,41.7775238095238
c18126c7-f6f0-4b4a-8733-828e6e0c69e7,22.23216666666667
c87a9bad-c9f1-476e-bf62-76d626937fa6,130.44744444444447
996c57e8-202b-496c-9ccf-e1bfe8f400a0,5.987071428571428
a650cb2f-bbed-4494-82d2-f1aa43777b41,91.24733333333333
c29d5129-8112-4627-a6fb-46efe361851f,6.101207792207792
3ef19e80-0d92-4671-9952-98f9e45338e9,149.55096955594843
42ef9a3c-5119-480a-ad73-a78148d905a1,18.16986111111111
509dbe44-df11-4c92-a2e4-a4148b44e698,52.71366666666666
22773f38-3092-4e3e-98bf-ac7b107e0518,80.48566666666667
54f0a9bb-b42d-4ad4-a4f3-5416f2841fef,45.22773809523808
524d982d-43a5-486b-b96a-945057400781,85.79782900432902
aade727b-cffe-45ea-8dff-4e6966b4911a,42.83
5822c357-09b1-4342-85de-e089ce018cca,26.195428571428568
cb02c0c3-91d2-4b81-bff3-e7dccad9c671,90.23933333333332
32bee066-df18-442b-883f-65da2a64c596,18.33
8a02bc9c-5bc7-4656-b976-8a9a16a3ec20,19.3430284992785
92106746-49b1-4588-8280-205bf796d48c,2.662
1a183df7-652c-4e31-a198-ceaba1a08716,33.07333333333333
be37de20-f406-421c-92df-2ddf691761be,325.69
2ae82531-8546-4a56-af9a-e2e89e1752f7,41.49095238095239
87141f79-4aa4-4dcd-ac65-577a30544705,5.440476190476189
406167eb-d469-402d-aed2-af7f5ddb30ad,17.78347005772006
cea07092-fda1-4b19-a384-e1d1a0c21b58,82.56516433566433
18d50341-428a-4f1c-bb59-1524c3701193,167.76
9e50385c-a060-4050-9f82-debc3e4b9fbf,57.76824999999998
91b0a0b9-e368-48d5-b614-3c763195cc92,113.19172619047619
5ac428e0-4a62-4445-ba21-8eab969cd233,39.536
5f8d97c6-8606-4368-a8c2-b22243a6c500,35.37580952380952
53fdb4d5-1df8-4d57-81b4-123689b25c55,24.444369227994226
cb9ef100-1252-49ff-b91f-e0fcb0ab2dc1,320.305
d3a1533f-dab5-4a0b-8fdd-af5218bb88f3,4.240694444444444
fb39b64a-46fd-4376-b7fa-dd4171e96a30,3.3628717671217663
4fa42c91-4a57-4a9c-b485-15b26a05ea17,14.48
2f806eb3-54c9-43e1-b514-e5c631d4fbbc,78.37
2982cdb0-5937-4281-b48d-4235655583cd,106.11102777777778
7bca03a5-a58f-4a92-a383-c065a852a80d,38.597853174603166
54c53683-0bfc-4987-a774-6a1271c0a6ab,17.48
3609d793-b432-45f2-98e6-559ebdf84d3e,101.6415
e45ed05e-915c-4dc6-9177-5bc6996a1480,47.56333333333334
854a9578-171c-4089-83db-b0eb840d862b,30.377963009213012
0cc69900-2470-4d9c-8bc9-22f4aa7935d5,20.938333333333336
878f57e8-f3cd-4e44-8619-54438da83a06,55.26905483405484
877bfc88-3bb1-42ba-8ee5-6dd54f2d4ced,66.01375
e4fef37f-7510-4fdd-8991-30cd941395d4,14.894904761904762
09d9c24a-1b8f-4531-919b-ad3ed4456b4f,31.53
0b226581-0130-490a-ade4-be0cf4d850c8,2.36
d8e2ad50-2399-4434-ab51-77934e033850,2.514166666666667
350147de-b863-4019-9a0b-d8977bc6c09e,5.355056489262372
ba92868f-4201-4d52-9c4e-30f23a286a06,189.94333333333333
895f5d81-6c73-4919-a97a-3a80efd963ac,32.94870634920635
a3a504c8-0b82-4292-b328-f866fbda2e4e,3.991776693141665
d4e68297-b779-4161-a837-0df23fde4d4c,56.01683636788047
aa6c8a6a-f1b4-48e1-9995-667a5c5ccde2,21.79
9bd5a2d0-62a3-4173-b021-9409b895e0af,91.53225
bbad88f1-2fc1-48cf-98ff-b9ddeab25c04,7.077190476190477
5b7de29b-aa06-4fdc-a636-eb0b979337e2,143.20600000000002
b6ed8d87-cfc8-48bf-a5ed-464b7d845eca,56.28666666666666
f94e181b-c1f0-4dfe-a037-b8016602d6d5,24.457218253968257
944d1dde-e388-4bf4-be44-45670a3b9cd9,25.227652236652233
b367385e-c066-4826-b44e-8e839fec9f34,280.9866666666667
eda91f4f-e83b-43dd-afae-a7697d8e20ac,71.1670595238095
bc5f60a0-bf2c-4e8a-b4ed-ee438420f5c5,29.672333333333334
ac597d89-45bd-48e4-9495-0725e9e22257,59.97079254079254
4cb06998-a09b-4551-9531-3aef0aa409aa,11.346619047619049
c905ac00-a4f7-4e2a-88f8-861f82fd984c,194.50099999999998
73fbe2e3-6da9-4aeb-a613-f8d4007e29cb,20.04336111111111
cff98a87-c9b9-4fb9-b70d-2dad8149ef03,52.661484848484854
181682c1-a8ac-4ab9-afd4-d36aeaccce14,4.1477619047619045
42e049a3-87fb-48f5-b0b6-b8455d196386,64.32851190476191
c945d3b2-5e4f-49a7-8568-9fb95efb6022,71.46333333333332
57728194-3c0e-4218-a1e1-68b0408f1aa2,26.128833333333336
8753d66e-b1f3-46f9-9cc7-2c211d7e63e5,56.64239285714286
653d1691-57bd-4854-875c-6a25741910d1,61.495753968253965
3ab06e3d-ea74-413c-b326-4de1389285e7,68.99
3cfab6ae-38d9-43d1-9cdd-1eeb0174f6b2,90.97933333333334
fb17aaec-09d6-4355-9d1f-7e2d04e66a6a,79.82
b8ae5134-915e-4a45-ba4e-373cf8fb3b46,327.2567817460318
c7352f81-cfc5-4ed8-acdd-fdcb095d5981,25.587964285714282
8fb606bf-5918-4c16-af3c-1ab39ae46251,5.441658730158731
801457d7-be9f-41c6-a87c-038ffd7f8b81,21.52666666666667
a09953ae-81ed-4ed8-9dd5-be160e91297f,191.73217063492066
45fe4a7f-30ec-4be2-ae71-34b833df2424,17.331248168498163
097307c9-bc10-4b58-b27e-350acd49ff14,50.55983333333334
